date,open,high,low,close,adj_close,volume
30/9/2020,10,11.40999985,9.109999657,9.5,9.5,338584400
1/10/2020,9.68999958,10.10000038,9.229999542,9.460000038,9.460000038,124297600
2/10/2020,9.06000042,9.279999733,8.93999958,9.199999809,9.199999809,55018300
5/10/2020,9.430000305,9.489999771,8.920000076,9.029999733,9.029999733,36316900
6/10/2020,9.039999962,10.18000031,8.899999619,9.899999619,9.899999619,90864000
7/10/2020,10.03999996,10.48999977,9.989999771,10,10,54672400
8/10/2020,10.28999996,10.39999962,9.989999771,10,10,34989200
9/10/2020,10.13000011,10.18999958,9.890000343,9.949999809,9.949999809,19653500
12/10/2020,10.03999996,10.05000019,9.659999847,9.890000343,9.890000343,20623600
13/10/2020,9.880000114,9.880000114,9.409999847,9.470000267,9.470000267,21847200
14/10/2020,9.600000381,9.659999847,9.289999962,9.340000153,9.340000153,13652600
15/10/2020,9.270000458,9.909999847,9.180000305,9.909999847,9.909999847,12924100
16/10/2020,9.93999958,9.949999809,9.659999847,9.710000038,9.710000038,11142500
19/10/2020,9.789999962,9.819999695,9.529999733,9.569999695,9.569999695,9126400
20/10/2020,9.600000381,9.659999847,9.270000458,9.270000458,9.270000458,11138200
21/10/2020,9.300000191,9.479999542,9.199999809,9.199999809,9.199999809,9190000
22/10/2020,9.369999886,9.75,9.220000267,9.680000305,9.680000305,17928600
23/10/2020,9.710000038,9.829999924,9.470000267,9.489999771,9.489999771,12618000
26/10/2020,9.720000267,9.970000267,9.600000381,9.949999809,9.949999809,23767300
27/10/2020,10,11.03999996,9.920000076,10.94999981,10.94999981,53695900
28/10/2020,10.65999985,10.98499966,10.10000038,10.85000038,10.85000038,30941700
29/10/2020,10.89999962,11.10000038,10.56000042,10.75,10.75,20515700
30/10/2020,10.60999966,10.68000031,9.850000381,10.13000011,10.13000011,19705500
2/11/2020,10.22999954,10.56999969,10.22999954,10.53999996,10.53999996,11677800
3/11/2020,10.56999969,10.93999958,10.43999958,10.5,10.5,21652800
4/11/2020,10.81999969,10.92000008,10.55000019,10.72000027,10.72000027,15783400
5/11/2020,10.89999962,12.13000011,10.85000038,11.88000011,11.88000011,48560400
6/11/2020,12.22000027,14.96000004,12.05000019,13.82999992,13.82999992,89977600
9/11/2020,14.96000004,15.89999962,14.10999966,14.67000008,14.67000008,60099000
10/11/2020,14.98999977,15.01000023,13.18000031,14,14,38078700
11/11/2020,14.56999969,15.97000027,14.39999962,15.96000004,15.96000004,47027900
12/11/2020,16.65999985,17.05999947,14.40999985,14.57999992,14.57999992,97904000
13/11/2020,14.48999977,16,14.48999977,15.80000019,15.80000019,76354800
16/11/2020,15.96000004,16.10000038,15.01000023,15.93000031,15.93000031,65326000
17/11/2020,16.29000092,18.75,16.18000031,17.85000038,17.85000038,116618500
18/11/2020,18.28000069,19.25,17.54000092,17.89999962,17.89999962,89957900
19/11/2020,18.5,18.97999954,17.95999908,18.97999954,18.97999954,56225400
20/11/2020,19.03000069,19.65999985,18,18.14999962,18.14999962,72104000
23/11/2020,18.62999916,21.45000076,18.56999969,21.04000092,21.04000092,84716300
24/11/2020,22.35000038,24.27000046,20.62999916,23.81999969,23.81999969,115468800
25/11/2020,23.95999908,29.75,23.69000053,29.04999924,29.04999924,202563700
27/11/2020,31.19000053,33.5,26.12000084,27.65999985,27.65999985,207834000
30/11/2020,28.23999977,30.14999962,24.11000061,27.11000061,27.11000061,137243000
1/12/2020,28.09000015,28.13999939,24.45000076,25.67000008,25.67000008,84050000
2/12/2020,22.23999977,23.39999962,21.14999962,22.51000023,22.51000023,149062100
3/12/2020,23.54999924,25.62000084,23.5,24.03000069,24.03000069,85634300
4/12/2020,24.87999916,25.23999977,23.51000023,23.85000038,23.85000038,56044100
7/12/2020,24.44000053,29,24.44000053,28.94000053,28.94000053,118463700
8/12/2020,30.62999916,31.23999977,27.25,28.59000015,28.59000015,124754300
9/12/2020,28.68000031,28.85000038,25.32999992,26.62999916,26.62999916,79634700
10/12/2020,25.54100037,28.04000092,25.14999962,27.04000092,27.04000092,57774800
11/12/2020,27.14999962,28.27000046,26.05999947,27.20000076,27.20000076,52764400
14/12/2020,28.26000023,28.26000023,26.72999954,27.23999977,27.23999977,44734500
15/12/2020,26.81999969,27.10000038,25.52000046,26.43000031,26.43000031,49273200
16/12/2020,25.70999908,26.15999985,25.11000061,25.92000008,25.92000008,44013400
17/12/2020,26.52000046,27.45000076,26.04999924,27.22999954,27.22999954,53829800
18/12/2020,26.27000046,26.85000038,25.79999924,25.96999931,25.96999931,71042900
21/12/2020,26.19000053,28.70000076,25.39999962,28.51000023,28.51000023,76729100
22/12/2020,29.03000069,29.42000008,26.81999969,28.04000092,28.04000092,66033100
23/12/2020,28.95000076,29.38999939,28.04999924,28.69000053,28.69000053,58772200
24/12/2020,28.79800034,29.15999985,27.52000046,27.75,27.75,26306800
28/12/2020,28.38999939,28.59000015,25.39999962,25.62999916,25.62999916,55878700
29/12/2020,25.75,26.18199921,24.34000015,24.65999985,24.65999985,47302400
30/12/2020,24.96999931,25.90999985,24.62999916,25.10000038,25.10000038,34586700
31/12/2020,24.62999916,24.71999931,23.52000046,23.54999924,23.54999924,39922500
4/1/2021,23.90999985,24.5,22.5,23.37000084,23.37000084,44970400
5/1/2021,23.18000031,24.67000008,22.88999939,24.60000038,24.60000038,29050400
6/1/2021,24.12000084,24.45999908,23.25,23.54000092,23.54000092,32732900
7/1/2021,24.02000046,25.19000053,23.67000008,25,25,32240000
8/1/2021,25.70000076,26.44000053,24.70000076,25.20000076,25.20000076,41313800
11/1/2021,24.61000061,26.60000038,24.30999947,25.93000031,25.93000031,32609000
12/1/2021,26.34000015,26.42000008,25.51000023,26.18000031,26.18000031,26887200
13/1/2021,25.70999908,27.43000031,25.12999916,25.5,25.5,51216600
14/1/2021,25.45000076,25.62000084,24.37000084,24.92000008,24.92000008,32908000
15/1/2021,26.26000023,28,25.45999908,25.63999939,25.63999939,92285500
19/1/2021,26.80999947,27.54000092,26,26.62000084,26.62000084,48675800
20/1/2021,27.29000092,27.29999924,25.70000076,26.34000015,26.34000015,37459000
21/1/2021,26.42000008,26.68000031,25.29999924,25.97999954,25.97999954,29891400
22/1/2021,25.85000038,32.65000153,25.81999969,32.58000183,32.58000183,156844700
25/1/2021,34.45999908,39.58000183,29.55999947,36.22999954,36.22999954,191345300
26/1/2021,35.13999939,36.86999893,34.31999969,35.36999893,35.36999893,65870000
27/1/2021,32.97000122,45,32.25,39,39,170758800
28/1/2021,39.54000092,42,33.09999847,35.65999985,35.65999985,85250700
29/1/2021,36.61000061,38.00999832,34.65999985,35.18000031,35.18000031,42030900
1/2/2021,35.33000183,35.61999893,32.58000183,33.95999908,33.95999908,43460900
2/2/2021,34.09999847,34.20000076,30.5,31.02000046,31.02000046,69647900
3/2/2021,32.38999939,32.95000076,31.37999916,31.76000023,31.76000023,35312000
4/2/2021,32.58000183,33.18000031,31.04999924,32.04999924,32.04999924,31565000
5/2/2021,32.61000061,35.20000076,31.75,34.04999924,34.04999924,62375300
8/2/2021,37.22000122,39.22000122,35.88999939,36.04999924,36.04999924,72376000
9/2/2021,36.90000153,38.25500107,36.13000107,38.16999817,38.16999817,44243200
10/2/2021,38.15000153,38.24000168,35,35.70000076,35.70000076,45177200
11/2/2021,35.79000092,35.97999954,32.61000061,33.11000061,33.11000061,52094900
12/2/2021,33.36000061,33.65000153,31.34000015,31.90999985,31.90999985,60925600
16/2/2021,30.02000046,30.44000053,27.29999924,27.84000015,27.84000015,180294300
17/2/2021,27.98999977,29.72999954,27,27.07999992,27.07999992,151007000
18/2/2021,24.98999977,26.30999947,24.5,25.17000008,25.17000008,313175100
19/2/2021,27.02000046,29.95999908,26.89999962,29,29,320063700
22/2/2021,29.95999908,30.19000053,27.5359993,28,28,183049500
23/2/2021,25.95999908,27.45999908,23.89999962,26.75,26.75,145289400
24/2/2021,26.70999908,27.22999954,25.75,26.38999939,26.38999939,90095700
25/2/2021,25.81999969,26.44000053,23.14999962,23.95999908,23.95999908,161776400
26/2/2021,24.20000076,24.5,22.70000076,23.89999962,23.89999962,119588600
1/3/2021,25.19000053,25.89999962,24.62000084,24.80999947,24.80999947,85059900
2/3/2021,25,25.59000015,24.26000023,24.47999954,24.47999954,73997000
3/3/2021,24.98999977,25.16799927,23.43000031,23.59000015,23.59000015,79046200
4/3/2021,24.85000038,25.55999947,23.04999924,24.72999954,24.72999954,161611200
5/3/2021,24.36000061,24.68000031,20.18000031,23.95000076,23.95000076,173468600
8/3/2021,23.77000046,24.57999992,22.39999962,22.52000046,22.52000046,94432800
9/3/2021,23.37999916,24.73999977,23.10000038,24.26000023,24.26000023,99586500
10/3/2021,25.03000069,26.23999977,24.27000046,24.75,24.75,103212800
11/3/2021,25.95000076,26.84000015,25.57999992,26.72999954,26.72999954,84788700
12/3/2021,25.73999977,26.92000008,25.18000031,26.92000008,26.92000008,58721900
15/3/2021,27.35000038,27.46999931,26.30999947,26.79000092,26.79000092,56101500
16/3/2021,26.75,27.10000038,25.22999954,25.61000061,25.61000061,73615100
17/3/2021,24.52000046,25.72999954,24.29999924,25.20999908,25.20999908,77081700
18/3/2021,24.72999954,25.18000031,23.78000069,23.97999954,23.97999954,57141400
19/3/2021,24.01000023,24.56999969,23.38999939,24.31999969,24.31999969,57915900
22/3/2021,24.88999939,24.92000008,23.86000061,24.21999931,24.21999931,46208100
23/3/2021,24,24.10499954,23.10000038,23.26000023,23.26000023,50169700
24/3/2021,23.29999924,23.48500061,21.75,21.87999916,21.87999916,69271900
25/3/2021,21.20000076,22.79999924,21.04999924,22.57999992,22.57999992,74592600
26/3/2021,22.62999916,23.04999924,21.76000023,22.57999992,22.57999992,57916400
29/3/2021,22.47999954,22.5,21.38999939,21.72999954,21.72999954,57647400
30/3/2021,21.36000061,22.09000015,20.86000061,22.04000092,22.04000092,52039700
31/3/2021,22.5,23.85000038,22.37999916,23.29000092,23.29000092,61458500
1/4/2021,23.95000076,23.95000076,22.72999954,23.06999969,23.06999969,51788800
5/4/2021,23.78000069,24.45000076,23.34000015,23.44000053,23.44000053,65374300
6/4/2021,23.54999924,23.61000061,22.82999992,23.27000046,23.27000046,41933500
7/4/2021,23,23.54999924,22.80999947,22.89999962,22.89999962,32766200
8/4/2021,23.20000076,23.60000038,22.73999977,23.40999985,23.40999985,35905500
9/4/2021,23.45999908,24.35000038,23.37000084,24.04000092,24.04000092,54082700
12/4/2021,24.52000046,24.54999924,22.72999954,23.34000015,23.34000015,68620800
13/4/2021,23.19000053,25.6590004,23.12000084,25.42000008,25.42000008,83913500
14/4/2021,25.35000038,26.20000076,23.64999962,23.70000076,23.70000076,108793800
15/4/2021,24.01000023,24.05999947,22.69000053,23.14999962,23.14999962,58849300
16/4/2021,22.86000061,23.26000023,22.29999924,22.46999931,22.46999931,46627700
19/4/2021,22.14999962,22.32999992,21.53000069,21.94000053,21.94000053,45753900
20/4/2021,21.95999908,22.54999924,21.23999977,21.78000069,21.78000069,47123100
21/4/2021,21.64999962,22.63999939,21.43000031,22.62999916,22.62999916,42641400
22/4/2021,22.94000053,23.51000023,22.51000023,22.86000061,22.86000061,51346400
23/4/2021,22.88999939,23.54999924,22.73999977,23.40999985,23.40999985,32052800
26/4/2021,23.69000053,24.26000023,23.45999908,24.11000061,24.11000061,33667600
27/4/2021,24.17000008,24.26000023,23.56999969,23.87999916,23.87999916,27678300
28/4/2021,23.67000008,24.17000008,23.42000008,23.85000038,23.85000038,22068100
29/4/2021,23.87000084,24.13999939,22.80999947,23.37000084,23.37000084,36770100
30/4/2021,23.18000031,23.54999924,22.84000015,23.04000092,23.04000092,24717300
3/5/2021,23.01000023,23.07999992,22.20999908,22.29999924,22.29999924,33934400
4/5/2021,21.94000053,22.20000076,20.87000084,21.63999939,21.63999939,63429600
5/5/2021,21.80999947,21.94000053,20.96999931,21.14999962,21.14999962,39134700
6/5/2021,21.02000046,21.02000046,19.40999985,20.09000015,20.09000015,92201100
7/5/2021,20.29999924,20.75,19.57999992,19.75,19.75,63725500
10/5/2021,19.28000069,19.29999924,18.18000031,18.46999931,18.46999931,104670500
11/5/2021,17.20000076,20.29999924,17.05500031,20.20999908,20.20999908,203230500
12/5/2021,20,20,18.51000023,18.88999939,18.88999939,128281500
13/5/2021,19.13999939,19.46999931,17.81999969,18.37000084,18.37000084,87811600
14/5/2021,18.81999969,20.20000076,18.53000069,20.07999992,20.07999992,79409500
17/5/2021,19.72999954,20.48999977,19.62999916,20.45999908,20.45999908,50039600
18/5/2021,20.52000046,21.62000084,20.26000023,21.23999977,21.23999977,59672400
19/5/2021,20.10000038,21.03499985,19.94000053,20.67000008,20.67000008,45314000
20/5/2021,20.75,20.80999947,20.28000069,20.61000061,20.61000061,46302400
21/5/2021,20.84000015,21.15999985,20.46999931,20.75,20.75,35372900
24/5/2021,21.05999947,21.52000046,20.67499924,21.21999931,21.21999931,46596800
25/5/2021,21.42000008,22.11000061,21.28000069,21.47999954,21.47999954,49890800
26/5/2021,21.57999992,22.23999977,21.48999977,22.12000084,22.12000084,42958300
27/5/2021,22.01000023,22.70000076,21.64999962,22.70000076,22.70000076,76230500
28/5/2021,23,24.75,22.76000023,22.95000076,22.95000076,111846000
1/6/2021,23.19000053,23.35000038,22.36000061,23.05999947,23.05999947,52695500
2/6/2021,23.02000046,24.84000015,22.81999969,24.45000076,24.45000076,86473200
3/6/2021,24.13999939,24.26000023,23.34000015,23.62999916,23.62999916,48164200
4/6/2021,23.70999908,24.48999977,23.5,24.03000069,24.03000069,42537600
7/6/2021,24,24.76000023,23.79000092,24.45999908,24.45999908,49641000
8/6/2021,24.85000038,25.22999954,23.93000031,24.37999916,24.37999916,53488600
9/6/2021,24.45000076,24.73999977,24.17000008,24.17000008,24.17000008,36006200
10/6/2021,24,24.38999939,23.44000053,24.13999939,24.13999939,35482900
11/6/2021,24.12000084,24.70999908,24.03000069,24.67000008,24.67000008,33113100
14/6/2021,24.72999954,25.14999962,24.46999931,25,25,51801500
15/6/2021,25.03000069,25.54999924,24.38999939,24.40999985,24.40999985,46693200
16/6/2021,24.09000015,24.94000053,23.86000061,24.79999924,24.79999924,58452600
17/6/2021,24.68000031,25.45999908,24.54999924,25.45000076,25.45000076,64408400
18/6/2021,25.59000015,25.94000053,25.02000046,25.37000084,25.37000084,65852600
21/6/2021,25.10000038,25.54999924,24.51000023,25.42000008,25.42000008,54805000
22/6/2021,25.38999939,25.52000046,24.95999908,25.39999962,25.39999962,46171100
23/6/2021,25.45999908,26.35000038,25.34000015,26.27000046,26.27000046,53362200
24/6/2021,26.48999977,26.70999908,26.17000008,26.53000069,26.53000069,48419400
25/6/2021,26.57999992,27.01000023,26.24500084,26.78000069,26.78000069,140832700
28/6/2021,26.97999954,27.5,26.86000061,27.37999916,27.37999916,42184600
29/6/2021,27.37999916,27.44000053,26.44000053,26.62999916,26.62999916,38478900
30/6/2021,26.47999954,26.92000008,26.20999908,26.36000061,26.36000061,28957100
1/7/2021,26.10000038,26.12999916,24.59000015,24.71999931,24.71999931,55429800
2/7/2021,25,25.34000015,24.32999992,24.44000053,24.44000053,29389500
6/7/2021,24.60000038,25.20000076,24.46999931,24.68000031,24.68000031,28764500
7/7/2021,24.22999954,24.26000023,22.71999931,22.88999939,22.88999939,66937300
8/7/2021,22.43000031,23.20999908,22.25,23.07999992,23.07999992,34612600
9/7/2021,22.95999908,23.38999939,22.76000023,23.29000092,23.29000092,22492400
12/7/2021,23.26000023,23.49500084,22.87999916,22.95000076,22.95000076,23457200
13/7/2021,22.97999954,22.98999977,22.42000008,22.45000076,22.45000076,24748800
14/7/2021,22.48999977,22.62000084,21.51000023,21.55999947,21.55999947,33796200
15/7/2021,21.71999931,22.05500031,21.01000023,21.46999931,21.46999931,31871000
16/7/2021,21.60000038,21.70999908,21.23999977,21.37000084,21.37000084,19503100
19/7/2021,20.96999931,21.69000053,20.54999924,21.54000092,21.54000092,30314400
20/7/2021,21.62999916,22.35000038,21.21999931,22.18000031,22.18000031,22954000
21/7/2021,22.27000046,22.68000031,22.12000084,22.52000046,22.52000046,20437300
22/7/2021,22.54999924,22.67000008,21.87999916,22.06999969,22.06999969,17468900
23/7/2021,22.01000023,22.07999992,21.51000023,21.80999947,21.80999947,17653300
26/7/2021,21.79999924,22.29999924,21.47999954,22.12999916,22.12999916,16267900
27/7/2021,21.95999908,22.11000061,21.09000015,21.68000031,21.68000031,23078700
28/7/2021,21.75,22.61499977,21.69000053,22.55999947,22.55999947,25073600
29/7/2021,22.78000069,22.85000038,22.13999939,22.18000031,22.18000031,19219100
30/7/2021,21.85000038,22.40600014,21.70999908,21.70999908,21.70999908,15889200
2/8/2021,21.90999985,22.37000084,21.47999954,22.10000038,22.10000038,21372900
3/8/2021,22.03000069,22.27000046,21.70999908,22.23999977,22.23999977,17040100
4/8/2021,22.20000076,22.54000092,22.06999969,22.29999924,22.29999924,15537400
5/8/2021,22.21999931,22.77000046,22.02000046,22.52000046,22.52000046,18575200
6/8/2021,22.63999939,22.69000053,21.79000092,21.81999969,21.81999969,24200700
9/8/2021,21.85000038,23.28000069,21.79999924,22.93000031,22.93000031,35611100
10/8/2021,23.01000023,23.52000046,22.78000069,22.92000008,22.92000008,25947900
11/8/2021,23.06999969,23.19000053,22.09000015,22.35000038,22.35000038,34679000
12/8/2021,24.45000076,25.76000023,23.58499908,24.88999939,24.88999939,189287200
13/8/2021,25,25.10000038,24.30999947,24.89999962,24.89999962,52395100
16/8/2021,24.89999962,24.89999962,23.77000046,24.5,24.5,45907300
17/8/2021,23.89999962,24.59000015,23.73999977,23.96999931,23.96999931,35348300
18/8/2021,24.06999969,25.94000053,23.68000031,25.28000069,25.28000069,92065600
19/8/2021,25.01000023,25.63999939,24.13999939,24.15999985,24.15999985,67605600
20/8/2021,24.21999931,24.47999954,23.65999985,24.01000023,24.01000023,52062300
23/8/2021,24.02000046,24.93000031,23.89999962,24.81999969,24.81999969,35705300
24/8/2021,25,25.35000038,24.76000023,25.10000038,25.10000038,37227400
25/8/2021,25.12000084,25.19000053,24.06999969,24.35000038,24.35000038,54678500
26/8/2021,24.39999962,25.40999985,24.36000061,24.87000084,24.87000084,46179400
27/8/2021,25.04999924,26.09000015,24.90999985,25.70999908,25.70999908,52268500
30/8/2021,25.73999977,26.60000038,25.62000084,25.76000023,25.76000023,44139300
31/8/2021,25.79000092,26.36000061,25.65999985,26.34000015,26.34000015,93168600
1/9/2021,26.45999908,26.51000023,26.03000069,26.20000076,26.20000076,34417200
2/9/2021,26.20999908,26.87000084,26.09000015,26.51000023,26.51000023,38460100
3/9/2021,26.48999977,26.75,26.21999931,26.63999939,26.63999939,26609500
7/9/2021,26.79000092,26.87999916,26.27000046,26.70000076,26.70000076,35835100
8/9/2021,26.60000038,26.61000061,24.95999908,25.57999992,25.57999992,54394400
9/9/2021,25.38999939,26.23999977,25.29000092,26.12999916,26.12999916,34190800
10/9/2021,26.18000031,26.72999954,26.17000008,26.28000069,26.28000069,37307800
13/9/2021,26.14999962,26.23900032,25.03000069,25.82999992,25.82999992,42372300
14/9/2021,25.96999931,26.70000076,25.89999962,26.26000023,26.26000023,34569000
15/9/2021,26.29999924,27.14999962,26.03000069,27.07999992,27.07999992,49555500
16/9/2021,27.20000076,28.79000092,27.02000046,28.62999916,28.62999916,109992000
17/9/2021,28.65999985,29.29000092,28.06999969,28.70999908,28.70999908,182052600
20/9/2021,27.56999969,28.10000038,26.05999947,26.54999924,26.54999924,89413500
21/9/2021,26.88999939,27.14900017,26.07999992,26.62000084,26.62000084,50933600
22/9/2021,26.61000061,27.77000046,26.58200073,27.43000031,27.43000031,44308100
23/9/2021,27.70999908,29.19000053,27.67000008,28.77000046,28.77000046,60028600
24/9/2021,28.27000046,28.76000023,27.90099907,28.55999947,28.55999947,40309700
27/9/2021,28.22999954,28.37999916,27.22999954,27.46999931,27.46999931,44102800
28/9/2021,27.02000046,27.12999916,25.20999908,25.34000015,25.34000015,64206200
29/9/2021,25.61000061,25.70000076,24.42000008,24.52000046,24.52000046,46164500
30/9/2021,24.69000053,25.04999924,23.87999916,24.04000092,24.04000092,59505600
1/10/2021,24.20999908,24.36000061,23.71999931,24.32999992,24.32999992,32778000
4/10/2021,24.01000023,24.04999924,23.02000046,23.17000008,23.17000008,46789700
5/10/2021,23.20999908,23.87999916,23.06999969,23.20999908,23.20999908,56574800
6/10/2021,24.90999985,25.01000023,23.35000038,23.57999992,23.57999992,125175700
7/10/2021,23.70999908,24.12999916,23.54000092,23.72999954,23.72999954,38873700
8/10/2021,23.86000061,24.09600067,23.11000061,23.5,23.5,39713400
11/10/2021,23.26000023,23.97999954,23.26000023,23.53000069,23.53000069,23971700
12/10/2021,23.54999924,23.80999947,23.29000092,23.69000053,23.69000053,26280000
13/10/2021,23.82999992,24.30999947,23.79000092,24.12999916,24.12999916,28494000
14/10/2021,24.43000031,24.70999908,24.20499992,24.35000038,24.35000038,26106700
15/10/2021,24.5,24.52000046,23.82999992,24,24,24366100
18/10/2021,24,24.38999939,23.92000008,24.26000023,24.26000023,25609900
19/10/2021,24.5,25.20000076,24.36000061,24.69000053,24.69000053,29393900
20/10/2021,24.79000092,24.95999908,24.17000008,24.21999931,24.21999931,24248000
21/10/2021,24.12999916,24.93000031,24.07999992,24.78000069,24.78000069,23976600
22/10/2021,24.48999977,24.85000038,24.25,24.43000031,24.43000031,20166800
25/10/2021,24.5,25.54000092,24.47999954,25.40999985,25.40999985,33962100
26/10/2021,25.98999977,26.75,25.25,25.52000046,25.52000046,56767000
27/10/2021,25.63999939,25.89999962,25.02000046,25.05999947,25.05999947,24157200
28/10/2021,25.29999924,25.79500008,25.12000084,25.63999939,25.63999939,21203000
29/10/2021,25.5,26.12000084,25.45000076,25.87999916,25.87999916,21910300
1/11/2021,26.11000061,26.64500046,25.88299942,26.55999947,26.55999947,26684700
2/11/2021,26.55999947,26.71999931,25.55500031,25.92000008,25.92000008,30794600
3/11/2021,25.88999939,26.23500061,25.17000008,26.12000084,26.12000084,25244200
4/11/2021,26.26000023,26.56999969,25.87000084,26.46999931,26.46999931,25029700
5/11/2021,26.45000076,26.62999916,25.71999931,26,26,26005000
8/11/2021,26.25,27.11000061,26.12000084,26.75,26.75,41359600
9/11/2021,25.89999962,25.97999954,23.95000076,24.25,24.25,117540200
10/11/2021,23.60000038,23.63999939,22.12000084,22.52000046,22.52000046,94860100
11/11/2021,23.04000092,23.12999916,22.66500092,22.98999977,22.98999977,43381500
12/11/2021,23.02000046,23.22500038,22.37999916,22.82999992,22.82999992,53516200
15/11/2021,23,23.52000046,22.95000076,23.40999985,23.40999985,33225700
16/11/2021,23.29000092,23.29000092,22.61000061,23.12999916,23.12999916,31574800
17/11/2021,23.04999924,23.21899986,22.39999962,22.48999977,22.48999977,27994100
18/11/2021,22.5,22.54999924,21.34199905,21.5,21.5,51039900
19/11/2021,21.60000038,21.95999908,21.29999924,21.40999985,21.40999985,30013100
22/11/2021,21.53000069,21.56999969,20.18000031,20.64999962,20.64999962,59899100
23/11/2021,20.59000015,21.04999924,20.04999924,20.59000015,20.59000015,44588000
24/11/2021,20.35000038,21.20000076,20.05999947,21.11000061,21.11000061,35233900
26/11/2021,20.40999985,21.09000015,20.34900093,21.03000069,21.03000069,20691200
29/11/2021,21.19000053,21.39999962,20.55999947,21.06999969,21.06999969,29114000
30/11/2021,20.95000076,21.25,20.11000061,20.64999962,20.64999962,38196400
1/12/2021,20.53000069,20.88999939,19.29000092,19.37999916,19.37999916,48283700
2/12/2021,19.29999924,19.90999985,19.05999947,19.69000053,19.69000053,45802900
3/12/2021,19.5,19.53000069,18.39999962,18.97999954,18.97999954,56039600
6/12/2021,18.54000092,18.96999931,18.07500076,18.79999924,18.79999924,56459800
7/12/2021,19.26000023,19.85499954,19.06999969,19.45999908,19.45999908,35129000
8/12/2021,19.51000023,19.82500076,19.03000069,19.81999969,19.81999969,28425900
9/12/2021,19.95000076,20.14999962,19.04000092,19.20999908,19.20999908,30354700
10/12/2021,19.28000069,19.57999992,18.70000076,18.94000053,18.94000053,27594500
13/12/2021,18.79999924,19.07500076,18.17000008,18.39999962,18.39999962,38376000
14/12/2021,18,18.85899925,17.90999985,18.63999939,18.63999939,38864800
15/12/2021,18.37000084,18.94000053,17.99500084,18.86000061,18.86000061,39361900
16/12/2021,18.95999908,19.12000084,18.14999962,18.34000015,18.34000015,33950000
17/12/2021,18.03000069,19.10000038,17.80999947,19.05999947,19.05999947,44495200
20/12/2021,18.59000015,18.67000008,17.83499908,17.95999908,17.95999908,42265900
21/12/2021,18.15999985,18.97999954,18.10000038,18.89999962,18.89999962,33878600
22/12/2021,18.64999962,19.45000076,18.64999962,18.87999916,18.87999916,33894200
23/12/2021,18.85000038,19.13500023,18.71999931,18.93000031,18.93000031,24758300
27/12/2021,18.78000069,19.25,18.78000069,18.94000053,18.94000053,21782000
28/12/2021,18.88999939,19.06999969,18.44000053,18.56999969,18.56999969,20518800
29/12/2021,18.53000069,18.60000038,17.90999985,18.17000008,18.17000008,28217500
30/12/2021,18.10000038,18.99500084,18.06999969,18.69000053,18.69000053,29285200
31/12/2021,18.61000061,18.92000008,18.20999908,18.20999908,18.20999908,23556000
3/1/2022,18.36000061,18.56900024,17.86000061,18.53000069,18.53000069,34283600
4/1/2022,18.61000061,18.84000015,17.79000092,18.17000008,18.17000008,39643200
5/1/2022,18.03000069,18.56800079,16.87000084,16.95999908,16.95999908,58445900
6/1/2022,16.87000084,17.18000031,16.05500031,16.73999977,16.73999977,49737100
7/1/2022,16.70000076,17.32999992,16.47500038,16.55999947,16.55999947,37989300
10/1/2022,16.19000053,16.56999969,15.35000038,16.5,16.5,77649400
11/1/2022,16.39999962,17.25,16.31999969,16.88999939,16.88999939,47442600
12/1/2022,17.15999985,17.45999908,16.39999962,16.71999931,16.71999931,39784200
13/1/2022,16.79999924,16.81999969,15.93999958,16.01000023,16.01000023,35492200
14/1/2022,15.93999958,16.24900055,15.61999989,16.01000023,16.01000023,35624900
18/1/2022,15.44999981,15.75,14.92000008,14.97000027,14.97000027,49067700
19/1/2022,14.89999962,15.25,14.53999996,14.56000042,14.56000042,48049100
20/1/2022,14.89000034,15.55000019,14.56999969,14.61999989,14.61999989,44690400
21/1/2022,14.25,14.47799969,13.5,13.52999973,13.52999973,73031300
24/1/2022,12.78999996,13.40999985,11.75,13.39999962,13.39999962,110518900
25/1/2022,13.11999989,13.60000038,12.82999992,13.06000042,13.06000042,47456600
26/1/2022,13.60000038,13.81999969,12.68000031,12.75,12.75,69949700
27/1/2022,13.01000023,13.06000042,12.19999981,12.27999973,12.27999973,52622900
28/1/2022,12.30000019,12.88000011,11.89000034,12.71000004,12.71000004,54887500
31/1/2022,12.77000046,13.73999977,12.76000023,13.71000004,13.71000004,51039300
1/2/2022,14.22999954,14.36999989,13.56000042,14.19999981,14.19999981,69012900
2/2/2022,14.09000015,14.19999981,13.18999958,13.31999969,13.31999969,47204300
3/2/2022,12.94999981,13.31999969,12.42000008,12.44999981,12.44999981,47236900
4/2/2022,12.47000027,13.09000015,12.26500034,12.93999958,12.93999958,38989200
7/2/2022,13.02499962,13.60000038,12.93999958,12.97999954,12.97999954,45646100
8/2/2022,12.75,13.18900013,12.61999989,13.14999962,13.14999962,30317100
9/2/2022,13.28999996,13.89000034,13.26000023,13.86999989,13.86999989,34451900
10/2/2022,13.5,14.16499996,13.36999989,13.56000042,13.56000042,41998200
11/2/2022,13.44999981,13.92000008,12.97000027,13.13000011,13.13000011,41831600
14/2/2022,13.10000038,13.79500008,12.97999954,13.26000023,13.26000023,40617900
15/2/2022,13.52000046,14.18500042,13.40999985,14.17000008,14.17000008,48523700
16/2/2022,13.90999985,14.26000023,13.65999985,13.97000027,13.97000027,58624400
17/2/2022,12.39000034,12.69999981,11.69999981,11.77000046,11.77000046,151385400
18/2/2022,11.92000008,12.01000023,10.56999969,11.02000046,11.02000046,137808100
22/2/2022,10.69999981,11.18500042,10.30000019,10.47999954,10.47999954,104501500
23/2/2022,10.82999992,11.26000023,10.39999962,10.43000031,10.43000031,93964500
24/2/2022,9.75,11.86999989,9.739999771,11.82999992,11.82999992,118793000
25/2/2022,11.59000015,11.89000034,11,11.47000027,11.47000027,75433700
28/2/2022,11.96000004,12.18000031,11.39000034,11.85000038,11.85000038,75390500
1/3/2022,11.98999977,12.52000046,11.71000004,12.18000031,12.18000031,64867200
2/3/2022,12.21000004,12.21000004,11.42000008,12.06000042,12.06000042,56698300
3/3/2022,12.01000023,12.05500031,11.23499966,11.34000015,11.34000015,46172000
4/3/2022,11.69999981,11.77000046,10.73999977,10.96000004,10.96000004,43502200
7/3/2022,11.43000031,11.75,11.10000038,11.10999966,11.10999966,63070600
8/3/2022,10.93000031,11.39000034,10.71899986,11.03999996,11.03999996,49279600
9/3/2022,11.40999985,12.02000046,11.27000046,11.64999962,11.64999962,43591400
10/3/2022,11.38000011,11.97000027,11.31999969,11.86999989,11.86999989,52295400
11/3/2022,11.85999966,12.00500011,11.36999989,11.39000034,11.39000034,37817400
14/3/2022,11.17000008,11.40999985,10.40999985,10.5,10.5,49762600
15/3/2022,10.47000027,10.85000038,10.27000046,10.77000046,10.77000046,40451200
16/3/2022,10.94999981,11.81999969,10.93999958,11.78999996,11.78999996,62746600
17/3/2022,11.72000027,12.36999989,11.65999985,12.31999969,12.31999969,43948900
18/3/2022,12.27999973,13.02000046,12.21500015,12.81999969,12.81999969,59125500
21/3/2022,12.72000027,13.05000019,12.42000008,12.59000015,12.59000015,39410900
22/3/2022,12.52000046,13.47999954,12.52000046,13.27000046,13.27000046,46210700
23/3/2022,13.15999985,13.55000019,13.02000046,13.18000031,13.18000031,33699400
24/3/2022,13.25,13.42000008,12.82999992,13.39000034,13.39000034,29535300
25/3/2022,13.35999966,13.39500046,12.71000004,12.97000027,12.97000027,24796900
28/3/2022,13.01000023,13.43999958,12.85499954,13.42000008,13.42000008,27152000
29/3/2022,13.64999962,14.27999973,13.35000038,14.19999981,14.19999981,46433700
30/3/2022,14.03999996,14.35999966,13.73999977,13.88000011,13.88000011,32164000
31/3/2022,13.89999962,14.06000042,13.63000011,13.72999954,13.72999954,22840000
1/4/2022,13.77000046,14.06499958,13.5,13.82999992,13.82999992,23831600
4/4/2022,14.02999973,14.65999985,14.02000046,14.63000011,14.63000011,40066800
5/4/2022,14.60999966,14.85999966,13.79500008,13.89000034,13.89000034,37677300
6/4/2022,13.52000046,13.53999996,12.85000038,13,13,40647700
7/4/2022,12.94999981,13.34000015,12.47999954,12.84000015,12.84000015,34727400
8/4/2022,12.69999981,13.05000019,12.56999969,12.69999981,12.69999981,24962500
11/4/2022,12.44999981,12.81999969,12.13000011,12.65999985,12.65999985,26095800
12/4/2022,12.88000011,13.19999981,12.42500019,12.46000004,12.46000004,26226500
13/4/2022,12.35000038,12.93999958,12.23099995,12.89999962,12.89999962,21152900
14/4/2022,12.92000008,12.92000008,12.40999985,12.42000008,12.42000008,23284100
18/4/2022,12.35000038,12.41499996,11.88000011,12.14999962,12.14999962,25395600
19/4/2022,12.07999992,13.02000046,12.06999969,12.90999985,12.90999985,31753900
20/4/2022,13.07999992,13.17000008,12.73999977,12.78999996,12.78999996,31528600
21/4/2022,13.02000046,13.32999992,12.22500038,12.32999992,12.32999992,32009000
22/4/2022,12.32999992,12.72999954,11.85999966,11.96000004,11.96000004,30386100
25/4/2022,11.82999992,12.15999985,11.68000031,12.10999966,12.10999966,31727600
26/4/2022,11.93999958,12.05000019,11.10000038,11.11999989,11.11999989,38666500
27/4/2022,11.01000023,11.19499969,10.52999973,10.56000042,10.56000042,54508500
28/4/2022,10.68999958,11.04500008,10.36999989,10.94999981,10.94999981,40074500
29/4/2022,10.89999962,11.22999954,10.35999966,10.39999962,10.39999962,30937500
2/5/2022,10.38000011,10.75500011,10.18000031,10.73999977,10.73999977,41193800
3/5/2022,10.68999958,10.97999954,10.43999958,10.55000019,10.55000019,31372700
4/5/2022,10.52999973,11.01000023,10.07999992,10.97999954,10.97999954,43239900
5/5/2022,10.80000019,10.80000019,9.979999542,10.11999989,10.11999989,40523600
6/5/2022,10,10.05000019,9.420000076,9.479999542,9.479999542,69691300
9/5/2022,7.78000021,7.849999905,7.320000172,7.460000038,7.460000038,170871700
10/5/2022,7.559999943,7.703000069,6.929999828,7.289999962,7.289999962,86932400
11/5/2022,7.28000021,7.539999962,6.659999847,6.710000038,6.710000038,72894900
12/5/2022,6.550000191,7.380000114,6.440000057,7.340000153,7.340000153,82147300
13/5/2022,7.519999981,8.350000381,7.519999981,8.340000153,8.340000153,69242700
16/5/2022,8.170000076,8.430000305,8.010000229,8.039999962,8.039999962,46153200
17/5/2022,8.100000381,8.460000038,8.010000229,8.359999657,8.359999657,38620800
18/5/2022,8.210000038,8.430000305,7.920000076,8.010000229,8.010000229,29304600
19/5/2022,7.96999979,8.581000328,7.945000172,8.31000042,8.31000042,35780900
20/5/2022,8.260000229,8.399999619,7.710000038,8.079999924,8.079999924,40879100
23/5/2022,8.010000229,8.170000076,7.800000191,8.010000229,8.010000229,27755200
24/5/2022,7.980000019,7.989999771,7.369999886,7.550000191,7.550000191,47218700
25/5/2022,7.519999981,8.017999649,7.510000229,7.960000038,7.960000038,35068900
26/5/2022,7.840000153,8.399999619,7.769999981,8.359999657,8.359999657,39738900
27/5/2022,8.5,8.850000381,8.434000015,8.850000381,8.850000381,37064000
31/5/2022,8.970000267,9.100000381,8.56000042,8.680000305,8.680000305,41672300
1/6/2022,8.720000267,8.979000092,8.380000114,8.460000038,8.460000038,34438100
2/6/2022,8.539999962,9.390000343,8.461000443,9.300000191,9.300000191,41347000
3/6/2022,9.039999962,9.25,8.859999657,8.93999958,8.93999958,36632300
6/6/2022,9.109999657,9.210000038,8.779999733,8.979999542,8.979999542,35101100
7/6/2022,8.890000343,9.140000343,8.729999542,9.130000114,9.130000114,28049400
8/6/2022,9.180000305,9.420000076,9.090000153,9.180000305,9.180000305,29056300
9/6/2022,9.130000114,9.159999847,8.670000076,8.680000305,8.680000305,30527400
10/6/2022,8.479999542,8.579999924,8.140000343,8.260000229,8.260000229,30225800
13/6/2022,7.989999771,8,7.5,7.639999866,7.639999866,40943000
14/6/2022,7.735000134,7.980000019,7.585000038,7.820000172,7.820000172,30564100
15/6/2022,7.920000076,8.300000191,7.815000057,8.119999886,8.119999886,38235300
16/6/2022,7.840000153,7.985000134,7.579999924,7.670000076,7.670000076,36793500
17/6/2022,7.699999809,8.329999924,7.690000057,8.239999771,8.239999771,45518000
21/6/2022,8.590000153,9.050000191,8.56000042,8.710000038,8.710000038,48887600
22/6/2022,8.520000458,9.284999847,8.449999809,9.010000229,9.010000229,43430600
23/6/2022,9.020000458,9.5,8.840000153,9.460000038,9.460000038,44618000
24/6/2022,9.529999733,10.19999981,9.479999542,10.18999958,10.18999958,67826000
27/6/2022,10.14999962,10.15999985,9.510000229,9.619999886,9.619999886,44768000
28/6/2022,9.569999695,9.880000114,9.18999958,9.31000042,9.31000042,45589000
29/6/2022,9.350000381,9.420000076,9.069999695,9.229999542,9.229999542,40408700
30/6/2022,9.020000458,9.18999958,8.720000267,9.069999695,9.069999695,33636400
1/7/2022,9.109999657,9.430000305,9.031000137,9.270000458,9.270000458,33504400
5/7/2022,9.140000343,10.10000038,9,10.06999969,10.06999969,55854800
6/7/2022,10.01000023,10.31000042,9.739999771,9.800000191,9.800000191,54604300
7/7/2022,9.760000229,10.27999973,9.75,10.18000031,10.18000031,35672500
8/7/2022,9.920000076,10.38000011,9.829999924,10.17000008,10.17000008,36737100
11/7/2022,9.979999542,9.994000435,9.529999733,9.56000042,9.56000042,34015100
12/7/2022,9.659999847,9.960000038,9.270000458,9.489999771,9.489999771,42765800
13/7/2022,9.220000267,9.550000191,9.050000191,9.279999733,9.279999733,32461300
14/7/2022,9.229999542,9.279999733,8.850000381,8.899999619,8.899999619,26702100
15/7/2022,9.010000229,9.119999886,8.649999619,9.039999962,9.039999962,34918100
18/7/2022,9.25,9.449999809,9.005000114,9.029999733,9.029999733,32428400
19/7/2022,9.149999619,9.369999886,8.890000343,9.340000153,9.340000153,29033800
20/7/2022,9.43999958,10.19999981,9.43999958,10.10999966,10.10999966,40845200
21/7/2022,10.36999989,10.76000023,10.22000027,10.48999977,10.48999977,51691200
22/7/2022,10.35000038,10.56999969,9.729999542,9.840000153,9.840000153,38915500
25/7/2022,9.829999924,9.850000381,9.520000458,9.680000305,9.680000305,21485000
26/7/2022,9.659999847,9.659999847,9.380000114,9.399999619,9.399999619,21997800
27/7/2022,9.670000076,10.02999973,9.5,10.02000046,10.02000046,29810900
28/7/2022,10.02999973,10.19999981,9.739999771,10.13000011,10.13000011,27172900
29/7/2022,10.01000023,10.35000038,9.920000076,10.35000038,10.35000038,31106600
1/8/2022,10.25,10.69999981,10.12199974,10.47000027,10.47000027,31694700
2/8/2022,10.31999969,11.22999954,10.26000023,10.92000008,10.92000008,40958800
3/8/2022,11.07999992,11.34000015,11.03999996,11.19999981,11.19999981,35796500
4/8/2022,11.18999958,11.40999985,11.02999973,11.31999969,11.31999969,32093400
5/8/2022,11.01000023,11.61999989,10.85000038,11.44999981,11.44999981,50264800
8/8/2022,9.770000458,10.39999962,9.710000038,9.819999695,9.819999695,125272600
9/8/2022,9.539999962,9.569999695,9.010000229,9.25,9.25,58788900
10/8/2022,9.510000229,9.659999847,9.319999695,9.590000153,9.590000153,46054900
11/8/2022,9.760000229,10.05000019,9.399999619,9.420000076,9.420000076,44790900
12/8/2022,9.550000191,9.970000267,9.420000076,9.909999847,9.909999847,30638200
15/8/2022,9.819999695,10.10000038,9.760000229,9.909999847,9.909999847,33263400
16/8/2022,9.850000381,9.880000114,9.359999657,9.739999771,9.739999771,40603900
17/8/2022,9.56000042,9.619000435,9.329999924,9.430000305,9.430000305,33933600
18/8/2022,9.420000076,9.470000267,9.119999886,9.149999619,9.149999619,26365600
19/8/2022,9,9.010000229,8.479999542,8.510000229,8.510000229,40560200
22/8/2022,8.319999695,8.399999619,8.06000042,8.069999695,8.069999695,37824900
23/8/2022,8.100000381,8.279999733,8,8.010000229,8.010000229,25658500
24/8/2022,8.039999962,8.359999657,7.980000019,8.100000381,8.100000381,26576400
25/8/2022,8.220000267,8.430000305,8.050000191,8.420000076,8.420000076,25635600
26/8/2022,8.420000076,8.430000305,7.929999828,7.940000057,7.940000057,34150400
29/8/2022,7.820000172,7.998000145,7.760000229,7.809999943,7.809999943,28566200
30/8/2022,7.929999828,7.974999905,7.679999828,7.789999962,7.789999962,27189200
31/8/2022,7.949999809,8,7.699999809,7.71999979,7.71999979,28691500
1/9/2022,7.610000134,7.619999886,7.21999979,7.489999771,7.489999771,39079700
2/9/2022,7.670000076,7.670000076,7.349999905,7.400000095,7.400000095,25965000
6/9/2022,7.449999809,7.460000038,7.170000076,7.28000021,7.28000021,30429400
7/9/2022,7.269999981,7.429999828,7.179999828,7.389999866,7.389999866,30330000
8/9/2022,7.329999924,7.53000021,7.269999981,7.53000021,7.53000021,26303600
9/9/2022,7.679999828,7.820000172,7.639999866,7.789999962,7.789999962,27822300
12/9/2022,7.860000134,8.029999733,7.820000172,8.010000229,8.010000229,30544800
13/9/2022,7.630000114,7.659999847,7.449999809,7.480000019,7.480000019,29770700
14/9/2022,7.449999809,7.630000114,7.329999924,7.630000114,7.630000114,29422500
15/9/2022,7.46999979,8.100000381,7.449999809,8.010000229,8.010000229,51700600
16/9/2022,7.75,7.929999828,7.639999866,7.78000021,7.78000021,42155500
19/9/2022,7.639999866,7.860000134,7.579999924,7.860000134,7.860000134,29238800
20/9/2022,7.78000021,7.914999962,7.599999905,7.619999886,7.619999886,30349600
21/9/2022,7.71999979,8.069999695,7.65500021,7.690000057,7.690000057,36814500
22/9/2022,7.739999771,7.739999771,7.239999771,7.369999886,7.369999886,49138300
23/9/2022,7.199999809,7.420000076,7.130000114,7.400000095,7.400000095,34197300
26/9/2022,7.349999905,7.829999924,7.349999905,7.53000021,7.53000021,45429800
27/9/2022,7.690000057,7.835000038,7.460000038,7.630000114,7.630000114,31794700
28/9/2022,7.630000114,8,7.619999886,7.940000057,7.940000057,31955900
29/9/2022,8.050000191,8.329999924,7.78000021,8.079999924,8.079999924,57845800
30/9/2022,8.010000229,8.5,7.971000195,8.130000114,8.130000114,47454800
3/10/2022,8.145000458,8.300000191,7.96999979,8.239999771,8.239999771,35524000
4/10/2022,8.479999542,8.609999657,8.340000153,8.460000038,8.460000038,36313300
5/10/2022,8.260000229,8.484999657,8.074999809,8.420000076,8.420000076,37790200
6/10/2022,8.399999619,8.600000381,8.31499958,8.470000267,8.470000267,27653400
7/10/2022,8.260000229,8.279999733,8.109999657,8.149999619,8.149999619,29550500
10/10/2022,8.170000076,8.180000305,7.880000114,8.06000042,8.06000042,26923300
11/10/2022,7.989999771,8.295000076,7.699999809,8.039999962,8.039999962,40775800
12/10/2022,8.06000042,8.100000381,7.820000172,8.069999695,8.069999695,30201600
13/10/2022,7.739999771,8.199999809,7.565000057,8.079999924,8.079999924,36040900
14/10/2022,8.229999542,8.31000042,7.53000021,7.53000021,7.53000021,37430100
17/10/2022,7.710000038,8.06000042,7.690000057,7.940000057,7.940000057,31751700
18/10/2022,8.149999619,8.329999924,8.039999962,8.159999847,8.159999847,37120400
19/10/2022,8.06000042,8.125,7.84499979,7.909999847,7.909999847,26594000
20/10/2022,7.730000019,8.260000229,7.730000019,8.039999962,8.039999962,26689500
21/10/2022,7.929999828,8.319999695,7.809999943,8.289999962,8.289999962,30705700
24/10/2022,8.300000191,8.300000191,8.010000229,8.270000458,8.270000458,28062200
25/10/2022,8.359999657,8.659999847,8.359999657,8.659999847,8.659999847,31001500
26/10/2022,8.479999542,9.050000191,8.390000343,8.569999695,8.569999695,33530900
27/10/2022,8.680000305,8.779999733,8.460000038,8.600000381,8.600000381,28940800
28/10/2022,8.550000191,8.659999847,8.364999771,8.640000343,8.640000343,20697400
31/10/2022,8.590000153,8.829999924,8.430000305,8.789999962,8.789999962,31376100
1/11/2022,8.989999771,9.06000042,8.56000042,8.649999619,8.649999619,29800000
2/11/2022,8.699999809,8.760000229,8.199999809,8.220000267,8.220000267,36042600
3/11/2022,8.069999695,8.300000191,7.869999886,8.079999924,8.079999924,36419500
4/11/2022,8.18999958,8.199999809,7.650000095,7.929999828,7.929999828,64338900
7/11/2022,7.78000021,7.849999905,6.889999866,7.019999981,7.019999981,99332800
8/11/2022,7.079999924,7.420000076,6.909999847,7.210000038,7.210000038,56353900
9/11/2022,7.119999886,7.184999943,6.949999809,6.980000019,6.980000019,42517300
10/11/2022,7.460000038,7.96999979,7.429999828,7.639999866,7.639999866,58579800
11/11/2022,7.480000019,8.420000076,7.375,8.409999847,8.409999847,55324100
14/11/2022,8.180000305,8.319999695,7.953000069,8.100000381,8.100000381,37402700
15/11/2022,8.449999809,8.470000267,8.154999733,8.340000153,8.340000153,34454100
16/11/2022,8.180000305,8.239999771,8,8.06000042,8.06000042,28436000
17/11/2022,7.829999924,7.880000114,7.525000095,7.619999886,7.619999886,33746500
18/11/2022,7.760000229,7.789999962,7.309999943,7.389999866,7.389999866,27245200
21/11/2022,7.309999943,7.320000172,7.070000172,7.190000057,7.190000057,36605600
22/11/2022,7.179999828,7.25,6.980000019,7.21999979,7.21999979,27327800
23/11/2022,7.25,7.420000076,7.119999886,7.369999886,7.369999886,24182900
25/11/2022,7.320000172,7.339000225,7.190000057,7.28000021,7.28000021,10824400
28/11/2022,7.230000019,7.400000095,7.150000095,7.159999847,7.159999847,19438000
29/11/2022,7.199999809,7.300000191,7.050000191,7.079999924,7.079999924,22150800
30/11/2022,7.139999866,7.510000229,7.032999992,7.5,7.5,32745700
1/12/2022,7.510000229,7.880000114,7.46999979,7.860000134,7.860000134,34424400
2/12/2022,7.614999771,7.760000229,7.5,7.659999847,7.659999847,18794000
5/12/2022,7.619999886,7.695000172,7.105000019,7.190000057,7.190000057,32158200
6/12/2022,7.190000057,7.195000172,6.880000114,6.989999771,6.989999771,32868100
7/12/2022,7.079999924,7.349999905,7.019999981,7.070000172,7.070000172,28351600
8/12/2022,7.099999905,7.269999981,6.940000057,7.119999886,7.119999886,23107700
9/12/2022,7.059999943,7.190000057,7.03000021,7.110000134,7.110000134,23367300
12/12/2022,7.110000134,7.309999943,7.090000153,7.289999962,7.289999962,22672400
13/12/2022,7.730000019,7.96999979,7.489999771,7.5,7.5,41033800
14/12/2022,7.5,7.599999905,7.264999866,7.349999905,7.349999905,22653800
15/12/2022,7.170000076,7.297999859,7.010000229,7.010000229,7.010000229,25417100
16/12/2022,7.019999981,7.079999924,6.760000229,6.900000095,6.900000095,32655600
19/12/2022,6.800000191,6.829999924,6.320000172,6.349999905,6.349999905,41511600
20/12/2022,6.289999962,6.539999962,6.199999809,6.309999943,6.309999943,30215600
21/12/2022,6.239999771,6.519999981,6.039999962,6.5,6.5,34408600
22/12/2022,6.369999886,6.380000114,6.179999828,6.320000172,6.320000172,28066000
23/12/2022,6.269999981,6.300000191,6.070000172,6.289999962,6.289999962,20419000
27/12/2022,6.150000095,6.21999979,5.920000076,6,6,34573300
28/12/2022,5.980000019,6.170000076,5.949999809,6.070000172,6.070000172,30096800
29/12/2022,6.099999905,6.525000095,6.099999905,6.400000095,6.400000095,42694200
30/12/2022,6.190000057,6.420000076,6.190000057,6.420000076,6.420000076,27830900
3/1/2023,6.579999924,6.639999866,6.275000095,6.389999866,6.389999866,29969900
4/1/2023,6.480000019,6.675000191,6.369999886,6.579999924,6.579999924,31660500
5/1/2023,6.449999809,6.489999771,6.25,6.320000172,6.320000172,34186000
6/1/2023,6.400000095,6.449999809,6.090000153,6.400000095,6.400000095,30596400
9/1/2023,6.489999771,6.670000076,6.400000095,6.5,6.5,31028900
10/1/2023,6.5,6.71999979,6.489999771,6.699999809,6.699999809,28236600
11/1/2023,6.840000153,6.989999771,6.760000229,6.980000019,6.980000019,25936700
12/1/2023,7.010000229,7.050000191,6.78000021,7.010000229,7.010000229,30152500
13/1/2023,6.840000153,7.010000229,6.809999943,6.960000038,6.960000038,20981000
17/1/2023,6.989999771,7.150000095,6.730000019,7.070000172,7.070000172,30910300
18/1/2023,7.15500021,7.300000191,6.880000114,6.900000095,6.900000095,32743400
19/1/2023,6.800000191,6.894999981,6.670000076,6.730000019,6.730000019,24841700
20/1/2023,6.760000229,7.059999943,6.71999979,7.019999981,7.019999981,28751700
23/1/2023,7.03000021,7.409999847,6.991000175,7.380000114,7.380000114,31633300
24/1/2023,7,7.420000076,7,7.019999981,7.019999981,22649500
25/1/2023,6.920000076,7.269999981,6.690000057,7.21999979,7.21999979,37147900
26/1/2023,7.369999886,7.449999809,7.039999962,7.239999771,7.239999771,28005600
27/1/2023,7.190000057,7.730000019,7.139999866,7.550000191,7.550000191,37555200
30/1/2023,7.5,7.610000134,7.360000134,7.369999886,7.369999886,28567800
31/1/2023,7.409999847,7.820000172,7.380000114,7.78000021,7.78000021,40984000
1/2/2023,7.730000019,8.220000267,7.679999828,8.199999809,8.199999809,50123700
2/2/2023,8.510000229,9.210000038,8.470000267,8.989999771,8.989999771,71889700
3/2/2023,8.539999962,8.899999619,8.373000145,8.409999847,8.409999847,64785500
6/2/2023,8.31000042,8.534999847,8.239999771,8.31000042,8.31000042,38845500
7/2/2023,8.329999924,8.409999847,8.06000042,8.329999924,8.329999924,42201800
8/2/2023,8.25,8.569999695,8.170000076,8.220000267,8.220000267,35105500
9/2/2023,8.340000153,8.430000305,7.940000057,7.949999809,7.949999809,33366700
10/2/2023,7.789999962,7.860000134,7.460000038,7.510000229,7.510000229,43042400
13/2/2023,7.579999924,7.775000095,7.449999809,7.610000134,7.610000134,87397100
14/2/2023,8.590000153,9.295000076,8.229999542,9.220000267,9.220000267,216055200
15/2/2023,9.159999847,10.22999954,9.109999657,10.10999966,10.10999966,153210400
16/2/2023,9.649999619,10.31000042,9.600000381,9.710000038,9.710000038,88638800
17/2/2023,9.569999695,9.710000038,9.085000038,9.199999809,9.199999809,62137800
21/2/2023,9.010000229,9.100000381,8.399999619,8.470000267,8.470000267,65226600
22/2/2023,8.479999542,8.625,8.159999847,8.359999657,8.359999657,55346000
23/2/2023,8.420000076,8.479999542,7.909999847,8.170000076,8.170000076,60015500
24/2/2023,7.940000057,8.199999809,7.869999886,8.090000153,8.090000153,41518600
27/2/2023,8.119999886,8.229999542,7.960000038,8.029999733,8.029999733,35270000
28/2/2023,7.960000038,8.097000122,7.800000191,7.840000153,7.840000153,32937000
1/3/2023,7.829999924,7.909999847,7.690000057,7.690000057,7.690000057,27939100
2/3/2023,7.590000153,8.029999733,7.559999943,7.96999979,7.96999979,36538700
3/3/2023,8,8.5,8,8.329999924,8.329999924,43229100
6/3/2023,8.340000153,8.449999809,8.199999809,8.279999733,8.279999733,28316200
7/3/2023,8.274999619,8.425000191,8.18999958,8.279999733,8.279999733,26819600
8/3/2023,8.359999657,8.579999924,8.06000042,8.130000114,8.130000114,38723600
9/3/2023,8.069999695,8.260000229,7.679999828,7.690000057,7.690000057,29005900
10/3/2023,7.590000153,7.679999828,7.28000021,7.349999905,7.349999905,41953600
13/3/2023,7.289999962,8.149999619,7.190000057,7.869999886,7.869999886,63183500
14/3/2023,8.050000191,8.140000343,7.78000021,7.889999866,7.889999866,33460100
15/3/2023,7.809999943,7.989999771,7.699999809,7.900000095,7.900000095,28217400
16/3/2023,8.010000229,8.079999924,7.860000134,7.980000019,7.980000019,20255400
17/3/2023,7.929999828,8.029999733,7.840000153,7.880000114,7.880000114,20920800
20/3/2023,7.764999866,8.095000267,7.71999979,8.079999924,8.079999924,25497400
21/3/2023,8.199999809,8.510000229,8.170000076,8.449999809,8.449999809,27104500
22/3/2023,8.43999958,8.619999886,8.199999809,8.210000038,8.210000038,34151000
23/3/2023,8.319999695,8.56000042,8.159999847,8.329999924,8.329999924,22662200
24/3/2023,8.289999962,8.350000381,8.06000042,8.199999809,8.199999809,17901200
27/3/2023,8.149999619,8.319999695,7.940000057,8.039999962,8.039999962,20666800
28/3/2023,8.06000042,8.119999886,7.96999979,8,8,14860500
29/3/2023,8.090000153,8.25,8.050999641,8.220000267,8.220000267,15339700
30/3/2023,8.329999924,8.380000114,8.050000191,8.149999619,8.149999619,21001600
31/3/2023,8.149999619,8.479999542,8.079999924,8.449999809,8.449999809,26174800
3/4/2023,8.369999886,8.529999733,8.210000038,8.380000114,8.380000114,22512000
4/4/2023,8.529999733,8.539999962,8.229999542,8.350000381,8.350000381,23961200
5/4/2023,8.630000114,8.649999619,7.840000153,7.980000019,7.980000019,54946900
6/4/2023,7.880000114,8.140000343,7.789999962,8.090000153,8.090000153,23488600
10/4/2023,8,8.43999958,7.900000095,8.390000343,8.390000343,29184700
11/4/2023,8.350000381,8.789999962,8.340000153,8.609999657,8.609999657,35617900
12/4/2023,8.75,8.774999619,8.300000191,8.329999924,8.329999924,28771300
13/4/2023,8.5,8.699999809,8.430000305,8.579999924,8.579999924,27983300
14/4/2023,8.529999733,8.909999847,8.470000267,8.81000042,8.81000042,42364500
17/4/2023,8.81000042,9.039999962,8.779999733,8.800000191,8.800000191,26047500
18/4/2023,8.930000305,9.020000458,8.720000267,8.729999542,8.729999542,21185300
19/4/2023,8.579999924,8.657999992,8.479999542,8.489999771,8.489999771,18193700
20/4/2023,8.289999962,8.5,8.130000114,8.149999619,8.149999619,23573000
21/4/2023,8.140000343,8.220000267,8.090000153,8.180000305,8.180000305,14896700
24/4/2023,8.159999847,8.25,7.940000057,8.100000381,8.100000381,20439300
25/4/2023,8,8.020000458,7.730000019,7.739999771,7.739999771,21849100
26/4/2023,7.869999886,7.909999847,7.650000095,7.739999771,7.739999771,21396700
27/4/2023,7.829999924,7.909999847,7.71999979,7.820000172,7.820000172,21385500
28/4/2023,7.769999981,8,7.619999886,7.75,7.75,24924400
1/5/2023,7.75,7.820000172,7.659999847,7.78000021,7.78000021,19134200
2/5/2023,7.71999979,7.909999847,7.429999828,7.590000153,7.590000153,38008000
3/5/2023,7.619999886,7.679999828,7.449999809,7.559999943,7.559999943,24322400
4/5/2023,7.46999979,7.519999981,7.28000021,7.380000114,7.380000114,29989300
5/5/2023,7.440000057,7.550000191,7.320000172,7.409999847,7.409999847,45848800
8/5/2023,7.639999866,7.855000019,7.590000153,7.739999771,7.739999771,105304000
9/5/2023,9.220000267,9.68999958,8.654999733,9.550000191,9.550000191,223573300
10/5/2023,9.729999542,10.30000019,9.460000038,9.93999958,9.93999958,149375000
11/5/2023,10.14000034,10.1590004,9.710000038,9.880000114,9.880000114,73754100
12/5/2023,9.859999657,10.01000023,9.470000267,9.5,9.5,62123900
15/5/2023,9.210000038,9.600000381,9.020000458,9.520000458,9.520000458,53555500
16/5/2023,9.399999619,9.630000114,9.350000381,9.470000267,9.470000267,42311900
17/5/2023,9.539999962,10.28499985,9.460000038,10.25,10.25,63834500
18/5/2023,10.46000004,11.81000042,10.39000034,11.73999977,11.73999977,171402300
19/5/2023,11.97000027,12.40999985,11.52000046,11.71000004,11.71000004,150269300
22/5/2023,11.61999989,12.10499954,11.39000034,11.84000015,11.84000015,76377100
23/5/2023,11.94999981,13.42000008,11.86999989,12.64000034,12.64000034,148701800
24/5/2023,12.05000019,12.43000031,11.81999969,12.22999954,12.22999954,90496900
25/5/2023,13.18000031,13.22000027,12.34000015,12.84000015,12.84000015,106557800
26/5/2023,12.84000015,14.19499969,12.81999969,13.64999962,13.64999962,127311200
30/5/2023,14.43999958,15.00500011,14.23999977,14.71000004,14.71000004,159089300
31/5/2023,14.18999958,14.78999996,13.81999969,14.71000004,14.71000004,130392200
1/6/2023,14.46000004,15.22000027,14.19999981,14.53999996,14.53999996,126015100
2/6/2023,14.64999962,15.02999973,14.15999985,14.52000046,14.52000046,79487600
5/6/2023,14.36499977,15.69999981,14.36499977,15.23999977,15.23999977,109017800
6/6/2023,15.30000019,15.57999992,14.92000008,15.46000004,15.46000004,74284300
7/6/2023,16.01000023,17.15999985,14.52000046,14.68999958,14.68999958,227244100
8/6/2023,14.43999958,15.59000015,14.39000034,15.18999958,15.18999958,115591600
9/6/2023,15.35999966,15.97999954,14.81999969,15.02000046,15.02000046,94126300
12/6/2023,15.43999958,16.03000069,15.32999992,15.64999962,15.64999962,89900400
13/6/2023,16.18000031,16.27000046,15.16300011,16,16,112765900
14/6/2023,15.93000031,16.19000053,15.43999958,15.90999985,15.90999985,70871900
15/6/2023,15.65999985,16.79000092,15.48999977,16.60000038,16.60000038,91200900
16/6/2023,16.87000084,16.90999985,16.01000023,16.29999924,16.29999924,90696200
20/6/2023,15.98999977,16.88999939,15.57999992,15.78999996,15.78999996,81335000
21/6/2023,15.65999985,15.75500011,14.36999989,14.64000034,14.64000034,97885000
22/6/2023,14.30000019,14.43999958,13.85999966,14.05000019,14.05000019,103461000
23/6/2023,13.64000034,14.14000034,13.56000042,14.02999973,14.02999973,74851000
26/6/2023,13.86999989,14.42000008,13.82999992,13.93999958,13.93999958,50679900
27/6/2023,14.22000027,14.76000023,13.96000004,14.60999966,14.60999966,55410500
28/6/2023,14.52999973,15.43000031,14.46500015,15.27999973,15.27999973,66001000
29/6/2023,15.39999962,15.56999969,15.06000042,15.19999981,15.19999981,46300900
30/6/2023,15.47999954,15.80000019,15.22999954,15.32999992,15.32999992,42195300
3/7/2023,15.48999977,15.59000015,15.18999958,15.52000046,15.52000046,26037400
5/7/2023,15.42500019,15.77000046,15.22999954,15.69999981,15.69999981,39179900
6/7/2023,15.31999969,15.38300037,14.61999989,15.13000011,15.13000011,56534000
7/7/2023,15.22999954,15.89999962,15.18999958,15.34000015,15.34000015,48273300
10/7/2023,15.36999989,16.32999992,14.94499969,16.29999924,16.29999924,62823600
11/7/2023,16.46999931,16.93000031,16.14999962,16.48999977,16.48999977,63236600
12/7/2023,16.78000069,16.94000053,16.40999985,16.59000015,16.59000015,50079400
13/7/2023,16.70000076,17.26000023,16.63100052,16.73999977,16.73999977,58397800
14/7/2023,16.76000023,17,16.27000046,16.39999962,16.39999962,45115000
17/7/2023,16.42000008,17.59000015,16.31999969,17.39999962,17.39999962,63505000
18/7/2023,17.87999916,18.12999916,17.19000053,18.07999992,18.07999992,87117600
19/7/2023,18.02000046,18.99500084,17.76000023,18.04999924,18.04999924,89044600
20/7/2023,17.54000092,18,16.97999954,17.12999916,17.12999916,62711600
21/7/2023,17.46999931,17.48999977,16,16.43000031,16.43000031,63375900
24/7/2023,16.61000061,16.69000053,16.12000084,16.31999969,16.31999969,36133600
25/7/2023,16.35000038,16.86000061,16.35000038,16.54999924,16.54999924,36612900
26/7/2023,16.39999962,16.69000053,16.12999916,16.43000031,16.43000031,35804800
27/7/2023,16.79999924,17.19000053,16,16.14999962,16.14999962,50685200
28/7/2023,17.20999908,17.96999931,16.73999977,17.80999947,17.80999947,106125600
31/7/2023,18.81999969,19.99500084,18.37999916,19.84000015,19.84000015,142173800
1/8/2023,19.45999908,20.23999977,19.22999954,19.98999977,19.98999977,99336200
2/8/2023,19.26000023,19.62000084,18.14999962,18.96999931,18.96999931,98215800
3/8/2023,18.62999916,19.29999924,18.61000061,18.70999908,18.70999908,54345900
4/8/2023,18.87400055,19.07999992,18.07999992,18.20000076,18.20000076,72386000
7/8/2023,18.25,18.38999939,17.01000023,17.98999977,17.98999977,133808400
8/8/2023,17.48999977,17.48999977,16.10000038,17.04000092,17.04000092,143014200
9/8/2023,16.76000023,16.92000008,15.10000038,15.25,15.25,126230400
10/8/2023,15.43999958,15.86999989,15.25,15.40999985,15.40999985,73129100
11/8/2023,15.05000019,15.57999992,14.90999985,15.40999985,15.40999985,56616800
14/8/2023,15.19999981,15.73999977,14.94999981,15.72000027,15.72000027,47511400
15/8/2023,15.60999966,15.86999989,15.28999996,15.36999989,15.36999989,44000400
16/8/2023,15.21000004,15.72500038,15.11999989,15.44999981,15.44999981,40394600
17/8/2023,15.39000034,15.43700027,14.03499985,14.14999962,14.14999962,91086700
18/8/2023,13.88000011,14.60000038,13.68000031,14.39999962,14.39999962,70215200
21/8/2023,14.42000008,14.77999973,14.34000015,14.5,14.5,43206200
22/8/2023,14.76000023,15.13000011,14.63000011,14.67000008,14.67000008,52001800
23/8/2023,14.5,15.47000027,14.42000008,15.30000019,15.30000019,53523300
24/8/2023,15.69999981,15.71000004,13.875,14.14000034,14.14000034,93586200
25/8/2023,14.14000034,14.64999962,14.01000023,14.52999973,14.52999973,55668900
28/8/2023,14.68999958,14.88000011,14.5,14.64000034,14.64000034,35964700
29/8/2023,14.60000038,15.63000011,14.5,15.39999962,15.39999962,47213200
30/8/2023,15.46000004,16.35000038,15.32999992,16.32999992,16.32999992,65674100
31/8/2023,15.60000038,15.85000038,14.64999962,14.97999954,14.97999954,101517200
1/9/2023,15.15999985,15.36499977,14.82999992,15.18000031,15.18000031,45258900
5/9/2023,15.07999992,15.42000008,14.89999962,15.21000004,15.21000004,33818400
6/9/2023,15.17000008,15.61999989,15.07999992,15.30000019,15.30000019,38738100
7/9/2023,14.88000011,15.23999977,14.28999996,15.21000004,15.21000004,51798800
8/9/2023,15.11999989,15.60999966,15.08500004,15.13000011,15.13000011,33862000
11/9/2023,15.40999985,16.10000038,15.35999966,15.78999996,15.78999996,55294700
12/9/2023,15.46000004,16.14999962,15.43000031,15.59000015,15.59000015,39497900
13/9/2023,15.63000011,15.85000038,15.42000008,15.60000038,15.60000038,34354400
14/9/2023,15.68999958,16.04000092,15.47000027,15.82999992,15.82999992,38572500
15/9/2023,15.77000046,15.89999962,15.17000008,15.32999992,15.32999992,56271200
18/9/2023,15.18000031,15.63000011,15.06999969,15.46000004,15.46000004,37404100
19/9/2023,15.34000015,15.51900005,14.94999981,15.14999962,15.14999962,37804800
20/9/2023,15.25,15.42500019,14.7329998,14.73999977,14.73999977,37640500
21/9/2023,14.34000015,14.59899998,13.68000031,14,14,73071800
22/9/2023,14.22999954,14.41499996,14.02999973,14.13000011,14.13000011,47714500
25/9/2023,14,14.23999977,13.81999969,14.22000027,14.22000027,39693900
26/9/2023,13.94999981,14.17000008,13.88000011,13.96000004,13.96000004,37276200
27/9/2023,14.19999981,14.96000004,14.15999985,14.85000038,14.85000038,62780600
28/9/2023,15.14000034,15.96000004,14.82499981,15.77000046,15.77000046,66590800
29/9/2023,16.11000061,16.80999947,15.96000004,16,16,78055100
2/10/2023,16.03000069,16.44000053,15.77000046,15.88000011,15.88000011,41043900
3/10/2023,15.60999966,15.77000046,14.81999969,14.89999962,14.89999962,51578100
4/10/2023,15.46000004,15.85000038,15.15999985,15.72999954,15.72999954,52786200
5/10/2023,15.56000042,15.89999962,15.40999985,15.81000042,15.81000042,49648100
6/10/2023,15.56000042,16.69499969,15.51000023,16.61000061,16.61000061,65946300
9/10/2023,16.25,17.82999992,16.21999931,17.61000061,17.61000061,106161200
10/10/2023,18.05999947,18.39999962,17.62000084,17.79999924,17.79999924,99971500
11/10/2023,17.87000084,18.44000053,17.72999954,17.92000008,17.92000008,55745600
12/10/2023,17.92000008,18.23999977,17.5510006,17.94000053,17.94000053,57940900
13/10/2023,18.05999947,18.15999985,17.27000046,17.36000061,17.36000061,54541600
16/10/2023,17.20999908,17.45999908,16.67000008,17.36000061,17.36000061,44987300
17/10/2023,17,18.03000069,16.90999985,17.84000015,17.84000015,54401300
18/10/2023,17.80999947,18.21999931,17.19000053,17.20000076,17.20000076,44208300
19/10/2023,17.44000053,17.57999992,16.96999931,17.05999947,17.05999947,46303200
20/10/2023,16.85000038,16.94000053,15.81000042,16.11000061,16.11000061,63875500
23/10/2023,15.89999962,16.34000015,15.21000004,16.20000076,16.20000076,55967200
24/10/2023,16.37999916,16.93000031,16.29999924,16.63999939,16.63999939,39833800
25/10/2023,16.56999969,16.62999916,15.57999992,15.59000015,15.59000015,46706500
26/10/2023,15.60000038,15.90999985,15.05000019,15.28999996,15.28999996,49351800
27/10/2023,15.47999954,15.60000038,14.96000004,15.06999969,15.06999969,39913600
30/10/2023,15.27000046,15.28999996,14.56000042,14.68999958,14.68999958,46886400
31/10/2023,14.57999992,15.01000023,14.55000019,14.80000019,14.80000019,40195400
1/11/2023,14.80000019,14.96000004,14.47999954,14.92000008,14.92000008,54419100
2/11/2023,17.47999954,18.29999924,17.20999908,17.96999931,17.96999931,170406800
3/11/2023,18.02000046,19.07900047,17.76000023,18.88999939,18.88999939,109302000
6/11/2023,18.98999977,19.07999992,17.93000031,18.54000092,18.54000092,79952600
7/11/2023,18.86000061,19.17000008,18.53000069,18.79999924,18.79999924,56289100
8/11/2023,18.85000038,18.93000031,18.14999962,18.48999977,18.48999977,46063100
9/11/2023,18.65999985,18.87000084,18.15999985,18.27000046,18.27000046,48454200
10/11/2023,18.15500069,19.71999931,18.05999947,19.67000008,19.67000008,92748000
13/11/2023,19.59000015,19.87999916,19.29999924,19.70999908,19.70999908,74877500
14/11/2023,20,20.10000038,19.5,19.94000053,19.94000053,83230500
15/11/2023,19.89999962,20.37000084,19.61100006,19.95000076,19.95000076,75533500
16/11/2023,19.79999924,19.875,19.29000092,19.77000046,19.77000046,49942800
17/11/2023,19.68000031,20.57999992,19.6590004,20.48999977,20.48999977,69497400
20/11/2023,20.64999962,21.60000038,20.55999947,21.34000015,21.34000015,90270000
21/11/2023,21.11000061,21.85000038,19.71999931,19.79999924,19.79999924,106643300
22/11/2023,20.26000023,20.44000053,19.32999992,19.69000053,19.69000053,68326000
24/11/2023,19.37999916,19.60000038,18.93000031,19.20000076,19.20000076,39800400
27/11/2023,19.12999916,19.5,18.62000084,19.07999992,19.07999992,58808200
28/11/2023,19.11000061,19.79999924,19.03000069,19.70999908,19.70999908,54170700
29/11/2023,19.94499969,20.30999947,19.78000069,19.84000015,19.84000015,62782100
30/11/2023,19.94000053,20.22999954,19.68000031,20.04999924,20.04999924,55501000
1/12/2023,19.93000031,20.29000092,19.54999924,20.27000046,20.27000046,61493700
4/12/2023,19.75,19.89999962,18.27000046,18.39999962,18.39999962,104948500
5/12/2023,18.25,18.54999924,17.95999908,18.29999924,18.29999924,54460800
6/12/2023,17.69000053,17.82999992,17.04999924,17.12999916,17.12999916,96111000
7/12/2023,17.21999931,17.47999954,17.07999992,17.21999931,17.21999931,56455000
8/12/2023,17.18000031,17.92000008,17.09000015,17.77000046,17.77000046,57542100
11/12/2023,17.96999931,18.28000069,17.70000076,17.77000046,17.77000046,50929600
12/12/2023,17.69000053,17.87999916,17.22999954,17.5,17.5,46231900
13/12/2023,17.64999962,17.89999962,17.21999931,17.87000084,17.87000084,52682600
14/12/2023,18.17000008,18.57999992,17.71999931,18.20999908,18.20999908,67462800
15/12/2023,18.67000008,19.14999962,18.04000092,18.20000076,18.20000076,93307100
18/12/2023,18.20999908,18.57500076,17.77000046,17.84000015,17.84000015,60188100
19/12/2023,17.97999954,18.19000053,17.84000015,17.95000076,17.95000076,43530300
20/12/2023,17.87000084,17.92000008,17.19000053,17.25,17.25,58666900
21/12/2023,17.53000069,17.73999977,17.42000008,17.59000015,17.59000015,30493600
22/12/2023,17.70000076,17.70000076,17.32500076,17.40999985,17.40999985,33693800
26/12/2023,17.44000053,17.74500084,17.32999992,17.68000031,17.68000031,31750700
27/12/2023,17.78000069,17.90999985,17.45000076,17.46999931,17.46999931,32918400
28/12/2023,17.45999908,17.84000015,17.42000008,17.55999947,17.55999947,38990000
29/12/2023,17.52000046,17.63999939,17.10000038,17.17000008,17.17000008,38943500
2/1/2024,16.95000076,16.95000076,16.5,16.57999992,16.57999992,41626700
3/1/2024,16.12000084,16.37999916,16.01000023,16.09000015,16.09000015,46865200
4/1/2024,16.04999924,16.57999992,15.94999981,16.25,16.25,39937700
5/1/2024,15.69999981,16.12800026,15.66399956,15.97999954,15.97999954,57700000
8/1/2024,16.21999931,16.88999939,16.13999939,16.67000008,16.67000008,49090000
9/1/2024,16.51000023,16.62999916,16.28000069,16.38999939,16.38999939,35794500
10/1/2024,16.5,17.03000069,16.39999962,16.79000092,16.79000092,41254400
11/1/2024,16.80999947,16.93000031,16.17000008,16.68000031,16.68000031,39552400
12/1/2024,16.68000031,17.05999947,16.62000084,16.76000023,16.76000023,33952600
16/1/2024,16.59000015,16.73999977,16.29000092,16.53000069,16.53000069,32659300
17/1/2024,16.26000023,16.40999985,16.04999924,16.38999939,16.38999939,30832800
18/1/2024,16.75,16.80999947,16.10000038,16.39999962,16.39999962,35239700
19/1/2024,16.56999969,16.78000069,16.14999962,16.78000069,16.78000069,40690600
22/1/2024,17.45999908,18.35000038,17.43000031,17.60000038,17.60000038,85573900
23/1/2024,17.63999939,17.72999954,17.20000076,17.32999992,17.32999992,37794300
24/1/2024,17.51000023,17.64999962,16.73500061,16.75,16.75,42710700
25/1/2024,16.92000008,17,16.30999947,16.45999908,16.45999908,44589000
26/1/2024,16.39999962,16.75,16.34000015,16.35000038,16.35000038,28612200
29/1/2024,16.45000076,17.11000061,16.43000031,17.09000015,17.09000015,35987800
30/1/2024,17.04000092,17.23999977,16.65999985,16.73999977,16.73999977,36388200
31/1/2024,16.40999985,16.76000023,16.06999969,16.09000015,16.09000015,43582500
1/2/2024,16.20999908,16.48699951,16.03000069,16.32999992,16.32999992,40454400
2/2/2024,16.34000015,17.02000046,16.14500046,17.02000046,17.02000046,57672700
5/2/2024,17.55999947,17.87000084,16.47999954,16.71999931,16.71999931,167698300
6/2/2024,20.29999924,22.18000031,19.76000023,21.87000084,21.87000084,420501900
7/2/2024,21.60000038,23.87000084,21.37999916,23.60000038,23.60000038,254911100
8/2/2024,23.95999908,25.05999947,23.31999969,24.51000023,24.51000023,212671100
9/2/2024,25.04000092,25.11000061,23.56999969,24.37999916,24.37999916,149062000
12/2/2024,23.90999985,25.52499962,23.81999969,25.04999924,25.04999924,108173000
13/2/2024,23.53000069,24.65999985,23.30999947,24.01000023,24.01000023,102293300
14/2/2024,24.14999962,25.5,23.75499916,25.19000053,25.19000053,97227900
15/2/2024,25.04000092,25.45999908,24.70999908,25.40999985,25.40999985,70544300
16/2/2024,24.95999908,25.49500084,24.38999939,24.44000053,24.44000053,65498200
20/2/2024,23.84000015,24,22.71500015,23.39999962,23.39999962,93374300
21/2/2024,22.29999924,22.93000031,22.29000092,22.73999977,22.73999977,59628300
22/2/2024,23.77000046,23.95000076,23.04999924,23.59000015,23.59000015,64458200
23/2/2024,23.53000069,24.06999969,22.81999969,22.96999931,22.96999931,48840800
26/2/2024,23.03000069,23.87999916,22.94000053,23.55999947,23.55999947,46499500
27/2/2024,23.76000023,24.62000084,23.71999931,24.53000069,24.53000069,64967400
28/2/2024,24.52000046,24.84000015,24.24500084,24.42000008,24.42000008,47314000
29/2/2024,24.80999947,25.29299927,24.36000061,25.07999992,25.07999992,62753300
1/3/2024,25.29999924,25.69000053,24.53499985,24.93000031,24.93000031,64794400
4/3/2024,24.39999962,24.57999992,23.53000069,24.04000092,24.04000092,64320000
5/3/2024,23.95999908,24.4090004,23.43000031,23.80999947,23.80999947,49542300
6/3/2024,25.75,26.75,24.53000069,26.15999985,26.15999985,207386900
7/3/2024,27.01000023,27.5,26.37999916,26.45999908,26.45999908,117519300
8/3/2024,27.19000053,27.28000069,25.80999947,26.04000092,26.04000092,84256100
11/3/2024,25.88999939,26.82999992,25.29000092,25.35000038,25.35000038,60829300
12/3/2024,25.56999969,25.63999939,24.35000038,24.70000076,24.70000076,75202600
13/3/2024,24.70000076,25.44000053,24.60000038,25,25,59713000
14/3/2024,24.82999992,24.96999931,24.13999939,24.43000031,24.43000031,49214800
15/3/2024,23.85000038,24.10000038,23.42000008,23.48999977,23.48999977,61421000
18/3/2024,23.77000046,24.18000031,23.31999969,24,24,44083000
19/3/2024,23.5,23.82999992,22.92000008,23.79999924,23.79999924,43247200
20/3/2024,23.77000046,24.64999962,23.67000008,24.56999969,24.56999969,40273800
21/3/2024,25.29999924,25.32999992,24.44000053,24.48999977,24.48999977,37099600
22/3/2024,24.20000076,24.47500038,24.02000046,24.18000031,24.18000031,25453000
25/3/2024,24.12000084,24.62000084,24.04999924,24.51000023,24.51000023,29255900
26/3/2024,24.76000023,25.46999931,24.46999931,24.88999939,24.88999939,43610500
27/3/2024,25,25.47999954,24.26000023,24.51000023,24.51000023,38600100
28/3/2024,24.17000008,24.28000069,22.94000053,23.01000023,23.01000023,70008200
1/4/2024,22.97999954,23.20999908,22.39999962,22.86000061,22.86000061,41000000
2/4/2024,22,22.79000092,21.71999931,22.71999931,22.71999931,39770600
3/4/2024,22.44000053,23.01000023,22.37999916,22.70000076,22.70000076,30357400
4/4/2024,23.81999969,24.10000038,22.39999962,22.47999954,22.47999954,64995300
5/4/2024,22.42000008,23.31999969,22.30699921,22.95999908,22.95999908,38716800
8/4/2024,23.07999992,23.20000076,22.67000008,23,23,25022700
9/4/2024,23.01000023,23.08699989,22.45999908,22.80999947,22.80999947,27643300
10/4/2024,22.21999931,22.70999908,22.01000023,22.42000008,22.42000008,28642900
11/4/2024,22.64999962,22.90999985,22.25,22.84000015,22.84000015,26399400
12/4/2024,22.70000076,23.20000076,22.40999985,22.67000008,22.67000008,36764500
15/4/2024,22.79000092,23.12999916,21.82999992,21.89999962,21.89999962,38182100
16/4/2024,21.59000015,21.98999977,21.27000046,21.87999916,21.87999916,33869200
17/4/2024,22.01000023,22.11000061,21.21999931,21.30999947,21.30999947,30139800
18/4/2024,21.25,21.43000031,20.70000076,21.12999916,21.12999916,34550500
19/4/2024,20.97999954,21.43000031,20.32999992,20.46999931,20.46999931,39632600
22/4/2024,20.71999931,21.07999992,20.36000061,20.96999931,20.96999931,31894500
23/4/2024,21.25,22.05999947,21.22999954,21.63999939,21.63999939,36304600
24/4/2024,22.04999924,22.25,21.29999924,21.59000015,21.59000015,34426500
25/4/2024,20.81999969,21.73999977,20.65999985,21.70999908,21.70999908,26226700
26/4/2024,22.04999924,22.67000008,21.90999985,22.52000046,22.52000046,33119800
29/4/2024,22.75,23.09000015,22.54500008,22.82999992,22.82999992,30104900
30/4/2024,22.77000046,22.87000084,21.95000076,21.96999931,21.96999931,30511900
1/5/2024,21.93000031,22.82999992,21.62999916,22.12000084,22.12000084,34665900
2/5/2024,22.60000038,22.71500015,22.10000038,22.54999924,22.54999924,30396100
3/5/2024,23.47999954,23.63999939,22.90999985,23.32999992,23.32999992,55976400
6/5/2024,24.37000084,25.35499954,24.03000069,25.20999908,25.20999908,175936600
7/5/2024,21.98999977,22.70000076,21.35000038,21.39999962,21.39999962,161061600
8/5/2024,21.57999992,21.72999954,21.05999947,21.55999947,21.55999947,67582900
9/5/2024,21.48999977,21.57999992,20.94000053,21.13999939,21.13999939,54101900
10/5/2024,21.27000046,21.37000084,20.5,20.60000038,20.60000038,59845400
13/5/2024,20.60000038,21.19000053,20.60000038,20.94000053,20.94000053,37524800
14/5/2024,20.95000076,22.06999969,20.93000031,21.44000053,21.44000053,57894400
15/5/2024,21.72999954,21.80999947,21.18499947,21.67000008,21.67000008,39424000
16/5/2024,21.73999977,21.87000084,21.53499985,21.64999962,21.64999962,27416700
17/5/2024,21.78000069,22.16900063,21.55999947,21.76000023,21.76000023,30032300
20/5/2024,21.77000046,21.77000046,21.21999931,21.62000084,21.62000084,35255300
21/5/2024,21.34000015,21.45000076,21.12000084,21.23999977,21.23999977,27954000
22/5/2024,21.22999954,21.42000008,21.07999992,21.17000008,21.17000008,25212500
23/5/2024,21.38999939,21.52000046,20.62999916,20.71999931,20.71999931,36887600
24/5/2024,20.71999931,21.14999962,20.64999962,21.01000023,21.01000023,22158700
28/5/2024,21.05999947,21.21999931,20.72999954,21.04999924,21.04999924,26274200
29/5/2024,20.77000046,20.98999977,20.63999939,20.94000053,20.94000053,24834200
30/5/2024,21.28000069,21.95999908,21.02000046,21.72999954,21.72999954,47210300
31/5/2024,21.79000092,22.20000076,21.30999947,21.68000031,21.68000031,44416100
3/6/2024,21.70000076,21.79000092,21.00499916,21.31999969,21.31999969,33876100
4/6/2024,21.04999924,22.26000023,21.04000092,22.10000038,22.10000038,41974000
5/6/2024,22.47999954,22.97999954,22.21999931,22.95999908,22.95999908,39825400
6/6/2024,22.97999954,23.95000076,22.97999954,23.79000092,23.79000092,60400400
7/6/2024,23.23999977,23.56999969,23.05999947,23.30999947,23.30999947,37149900
10/6/2024,22.75,23.15999985,22.65999985,23.12999916,23.12999916,31429200
11/6/2024,23.05999947,23.95000076,22.88999939,23.85000038,23.85000038,30601900
12/6/2024,24.20000076,24.32999992,23.56999969,23.77000046,23.77000046,38542700
13/6/2024,23.85000038,24.13999939,23.14999962,23.27000046,23.27000046,26035100
14/6/2024,23.14999962,23.71999931,22.84000015,23.56999969,23.56999969,26618300
17/6/2024,23.46999931,25.05999947,23.45000076,25.02000046,25.02000046,54101500
18/6/2024,25.14999962,26.02499962,24.82999992,25.81999969,25.81999969,54458600
20/6/2024,26.44000053,26.56999969,25.15500069,25.55999947,25.55999947,66735000
21/6/2024,24.70999908,26.09000015,23.53000069,23.84000015,23.84000015,68605900
24/6/2024,23.44000053,24.38699913,23.29999924,24.15999985,24.15999985,36477400
25/6/2024,24.15999985,24.62999916,23.92000008,24.55999947,24.55999947,29389400
26/6/2024,24.46999931,24.65999985,24.02499962,24.10000038,24.10000038,24331400
27/6/2024,24.10000038,25.39999962,24.04999924,25.21999931,25.21999931,37882900
28/6/2024,25.28000069,25.56999969,25.03000069,25.32999992,25.32999992,38886400
1/7/2024,25.47999954,26.02000046,25.1420002,25.87999916,25.87999916,33167900
2/7/2024,25.84000015,26.43000031,25.75,25.82999992,25.82999992,32148200
3/7/2024,25.95999908,26.27000046,25.76000023,25.85000038,25.85000038,18433800
5/7/2024,26,27.25,25.97500038,27.22999954,27.22999954,46703700
8/7/2024,27.93000031,27.98600006,26.84000015,27.70000076,27.70000076,59611200
9/7/2024,27.93000031,28.37999916,27.22999954,27.38999939,27.38999939,53067100
10/7/2024,27.5,28.46999931,27.37000084,28.42000008,28.42000008,43231000
11/7/2024,28.48999977,28.59000015,26.89999962,27.63999939,27.63999939,61546100
12/7/2024,27.31999969,28.12999916,27.28000069,28.06999969,28.06999969,30760300
15/7/2024,28.42000008,29.29999924,27.89999962,28.67000008,28.67000008,49186300
16/7/2024,28.18000031,28.84000015,27.46999931,28.67000008,28.67000008,59330700
17/7/2024,28,28.87000084,27.60000038,28.21999931,28.21999931,45203500
18/7/2024,28.42000008,29.82999992,28.14999962,28.63999939,28.63999939,76485600
19/7/2024,28.30999947,29.60000038,28.27000046,28.57999992,28.57999992,49581600
22/7/2024,28.93000031,28.96999931,27.69000053,28.45999908,28.45999908,38037800
23/7/2024,28.34000015,29.19000053,28.30999947,28.80999947,28.80999947,31134300
24/7/2024,28.44000053,28.68499947,26.57999992,26.60000038,26.60000038,49004100
25/7/2024,26.04000092,27.28800011,25.42000008,26.62999916,26.62999916,45474600
26/7/2024,27,27.34000015,26.77000046,27.18000031,27.18000031,27432200
29/7/2024,27.55999947,27.79999924,26.72999954,27.07999992,27.07999992,26038800
30/7/2024,27.25,27.44000053,25.88999939,26.37000084,26.37000084,31819900
31/7/2024,27.02000046,27.38999939,26.87999916,26.88999939,26.88999939,29111600
1/8/2024,27.02000046,27.53499985,25.82999992,26.07999992,26.07999992,31189600
2/8/2024,24.75,24.87000084,23.75,24.73999977,24.73999977,56092600
5/8/2024,21.73999977,24.42000008,21.22999954,24.09000015,24.09000015,88023500
6/8/2024,27.04999924,27.42000008,25.56999969,26.59000015,26.59000015,99622700
7/8/2024,27.06999969,28.36000061,26.23999977,26.31999969,26.31999969,75975400
8/8/2024,27.04000092,29.375,26.69000053,29.28000069,29.28000069,96892900
9/8/2024,29.28000069,30.36000061,29.10000038,30.01000023,30.01000023,88131100
12/8/2024,30.21999931,31.20000076,29.27000046,29.37999916,29.37999916,67890300
13/8/2024,29.78899956,30.85000038,29.55999947,30.38999939,30.38999939,57294200
14/8/2024,30.62000084,31.37000084,30.32999992,31,31,49885600
15/8/2024,31.30999947,31.49500084,30.82999992,31.21999931,31.21999931,43407600
16/8/2024,31.04000092,32.75,30.97999954,32.08000183,32.08000183,64870600
19/8/2024,32.41999817,32.59000015,31.81399918,32.5,32.5,52353600
20/8/2024,32.5,32.72000122,31.62999916,32.31999969,32.31999969,40783000
21/8/2024,32.31999969,32.66999817,31.96999931,32.54000092,32.54000092,38147600
22/8/2024,32.54999924,33.125,31.85000038,31.92000008,31.92000008,43522200
23/8/2024,31.98999977,32.54999924,31.62199974,31.78000069,31.78000069,34121200
26/8/2024,31.43000031,31.73999977,30.79000092,30.85000038,30.85000038,35283600
27/8/2024,30.54999924,31.12000084,30.37999916,30.84000015,30.84000015,23541300
28/8/2024,30.62000084,30.79999924,29.75,30.36000061,30.36000061,33961400
29/8/2024,30.64999962,31.81999969,30.48399925,31,31,39733000
30/8/2024,31.04999924,31.5,30.70000076,31.47999954,31.47999954,42388000
3/9/2024,31.35000038,31.5890007,30.16500092,30.51000023,30.51000023,34531600
4/9/2024,30,30.85000038,29.30999947,30.59000015,30.59000015,33419500
5/9/2024,30.23999977,30.73999977,30.01000023,30.15999985,30.15999985,24012300
6/9/2024,30.60000038,31.04000092,29.5,30.32999992,30.32999992,50946800
9/9/2024,32.70000076,34.70000076,32.47000122,34.59999847,34.59999847,140582500
10/9/2024,34.81000137,35.20000076,33.70999908,34.75999832,34.75999832,91721000
11/9/2024,34.00999832,34.86999893,33.61999893,34.84999847,34.84999847,68302300
12/9/2024,34.86000061,35.40000153,34.53099823,34.90999985,34.90999985,54291900
13/9/2024,34.97000122,36.00999832,34.88999939,35.59000015,35.59000015,49727200
16/9/2024,35.77999878,36.91999817,35.56000137,36.31000137,36.31000137,74767300
17/9/2024,37,37.04999924,35.86999893,36.45000076,36.45000076,64461800
18/9/2024,35.90000153,37.11000061,35.87099838,36.38000107,36.38000107,66279800
19/9/2024,37,37.34999847,36.20000076,36.83000183,36.83000183,59882000
20/9/2024,36.00999832,37.29000092,35.70999908,37.20000076,37.20000076,450290500
23/9/2024,36.86000061,38.18999863,36.56999969,37.95000076,37.95000076,79460700
24/9/2024,37.97000122,37.97999954,36.43000031,36.90000153,36.90000153,79519200
25/9/2024,36.88999939,37.18000031,36.38299942,37.11999893,37.11999893,46511700
26/9/2024,37.25999832,37.43999863,36.59999847,37.09999847,37.09999847,48602000
27/9/2024,36.90999985,37.47000122,36.59000015,36.84000015,36.84000015,43219100
30/9/2024,36.58000183,37.31999969,36.15000153,37.20000076,37.20000076,42110200
1/10/2024,37.20999908,37.56000137,36.04999924,36.45999908,36.45999908,52858000
2/10/2024,36.29999924,37.68000031,36.14500046,37.49000168,37.49000168,34988900
3/10/2024,37.45000076,39.29000092,37.36999893,39.24000168,39.24000168,57196400
4/10/2024,39.65000153,40.29000092,39.40000153,40.00999832,40.00999832,62532500
7/10/2024,39.90000153,40.15000153,38.77500153,38.88999939,38.88999939,44124800
8/10/2024,39.29000092,41.49000168,39.01499939,41.45000076,41.45000076,62542900
9/10/2024,41.54999924,43.34000015,41.20999908,43.13000107,43.13000107,86404700
10/10/2024,42.91999817,43.87799835,42.40999985,43.52000046,43.52000046,62516300
11/10/2024,43.40000153,44.38000107,42.61999893,43.50999832,43.50999832,66206900
14/10/2024,43.72000122,44.38999939,43.27999878,43.40000153,43.40000153,41010900
15/10/2024,43.47499847,43.68000031,41.51499939,42.43000031,42.43000031,48297000
16/10/2024,42.40000153,42.49000168,40.36000061,41.93000031,41.93000031,59157900
17/10/2024,42.15000153,42.70000076,41.61000061,42,42,34028400
18/10/2024,42.01499939,42.99000168,41.65000153,42.97000122,42.97000122,33969000
21/10/2024,42.86000061,43.40000153,42.40999985,42.70000076,42.70000076,30719800
22/10/2024,42.68999863,43.49000168,42.29999924,42.93999863,42.93999863,27830700
23/10/2024,42.84999847,43.68000031,42.05500031,42.59000015,42.59000015,35647000
24/10/2024,42.88999939,43.72999954,42.65999985,43.56000137,43.56000137,34079600
25/10/2024,43.84999847,45.06999969,43.64500046,44.86000061,44.86000061,50416500
28/10/2024,45.04999924,45.13999939,44.68000031,44.97000122,44.97000122,36729700
29/10/2024,44.90000153,45.06999969,44.04000092,44.93000031,44.93000031,26154700
30/10/2024,44.58000183,44.79999924,43.61000061,43.68999863,43.68999863,31309200
31/10/2024,42.79000092,43.31999969,40.90000153,41.56000137,41.56000137,50973400
1/11/2024,41.93000031,42.56999969,41.59000015,41.91999817,41.91999817,33722500
4/11/2024,41.08000183,42.04000092,41.0320015,41.40999985,41.40999985,75413300
5/11/2024,47.86000061,51.57500076,46.86000061,51.13000107,51.13000107,208868200
6/11/2024,53.43999863,55.68999863,51.61000061,55.52999878,55.52999878,114255900
7/11/2024,55.81999969,56.47000122,53.54999924,55.88000107,55.88000107,121591200
8/11/2024,55.56999969,58.47999954,55.29999924,58.38999939,58.38999939,84124000
11/11/2024,60.13299942,62.08000183,58.68999863,60.24000168,60.24000168,108357800
12/11/2024,59.00999832,60.09000015,58.56999969,59.84999847,59.84999847,59061300
13/11/2024,61.52000046,63.38999939,59.84999847,60.70000076,60.70000076,85937400
14/11/2024,61.04999924,61.16999817,58.52999878,59.18000031,59.18000031,59968200
15/11/2024,61.00999832,66,60.90999985,65.76999664,65.76999664,155280400
18/11/2024,64.91999817,64.91999817,58.84999847,61.25999832,61.25999832,136663100
19/11/2024,59.50999832,63.00999832,59.26499939,62.97999954,62.97999954,75557800
20/11/2024,62.59000015,63.08000183,59.95999908,62.11999893,62.11999893,59182200
21/11/2024,62.04000092,63.40000153,60.89500046,61.36000061,61.36000061,56336700
22/11/2024,61.59999847,64.44000244,61.36999893,64.34999847,64.34999847,61381700
25/11/2024,66.90000153,67.87999725,64.08000183,64.65000153,64.65000153,80640500
26/11/2024,64.56999969,65.84999847,63.88999939,65.73999786,65.73999786,46923600
27/11/2024,66.23999786,67.55999756,64.23999786,66.05000305,66.05000305,53839900
29/11/2024,65.88999939,67.16000366,65.47000122,67.08000183,67.08000183,30104000
2/12/2024,67.44000244,67.87999725,65.95999908,66.38999939,66.38999939,46405000
3/12/2024,66.41000366,71.37000275,66.15000153,70.95999908,70.95999908,100751400
4/12/2024,71.12999725,71.18000031,67.27999878,69.84999847,69.84999847,86284800
5/12/2024,70.11000061,72.98000336,69.88999939,71.87000275,71.87000275,66585800
6/12/2024,72.94999695,76.81999969,72.27999878,76.33999634,76.33999634,93640900
9/12/2024,80.58000183,80.91000366,71.05000305,72.45999908,72.45999908,168134800
10/12/2024,71.98999786,75.55999756,70.73000336,70.88999939,70.88999939,89672500
11/12/2024,72.98000336,73,68.06999969,72.51000214,72.51000214,89477700
12/12/2024,72.30000305,75.37999725,71.90000153,73.19999695,73.19999695,73859700
13/12/2024,73.48999786,76.09999847,72.44999695,76.06999969,76.06999969,76172800
16/12/2024,75.05999756,77.81999969,71.16000366,75.75,75.75,126099600
17/12/2024,73.27999878,75.31999969,71.69999695,74.38999939,74.38999939,75469400
18/12/2024,74.30000305,77.59999847,70.26999664,71.51000214,71.51000214,109643400
19/12/2024,73.98999786,76.58999634,73.37000275,74.20999908,74.20999908,99524300
20/12/2024,72.63999939,80.66000366,71.5,80.55000305,80.55000305,281230800
23/12/2024,80.65000153,82.01999664,77.41000366,80.69000244,80.69000244,93819500
24/12/2024,81.08999634,84.79699707,81,82.37999725,82.37999725,64983300
26/12/2024,83.16000366,83.48999786,81.30000305,82.13999939,82.13999939,60377100
27/12/2024,81.41999817,82,77.93000031,79.08000183,79.08000183,66975900
30/12/2024,77.04000092,79.23999786,76.11000061,77.18000031,77.18000031,60850900
31/12/2024,77.58000183,77.98000336,73.65000153,75.62999725,75.62999725,56267900
2/1/2025,76.19999695,76.52999878,72.41999817,75.19000244,75.19000244,72217200
3/1/2025,75.38999939,79.98000336,75.19000244,79.88999939,79.88999939,62415000
6/1/2025,78.69000244,80.05999756,74.61000061,75.91999817,75.91999817,105619500
7/1/2025,75.19999695,75.38999939,69.75,69.98999786,69.98999786,91727300
8/1/2025,68.12000275,69.52999878,66.51000214,68.23000336,68.23000336,91349500
10/1/2025,66.01000214,68.19999695,65.04000092,67.26000214,67.26000214,78148600
13/1/2025,64.29000092,65.68000031,63.40000153,64.98000336,64.98000336,69046300
14/1/2025,67.18000031,68.23000336,65.19000244,65.91000366,65.91000366,56814900
15/1/2025,68.55000305,68.84999847,67.08000183,68.13999939,68.13999939,56025800
16/1/2025,69.08000183,71.43000031,68.36000061,69.23999786,69.23999786,62908700
17/1/2025,70.90000153,72.33999634,69.94999695,71.76999664,71.76999664,54754000
21/1/2025,73.23999786,73.63600159,70.60099792,73.06999969,73.06999969,56229000
22/1/2025,74.5,77.16000366,73.80000305,76.87000275,76.87000275,66876400
23/1/2025,76.04000092,79,75.83999634,78.98000336,78.98000336,55937900
24/1/2025,79.05000305,82.23999786,78.44000244,78.98000336,78.98000336,77931900
27/1/2025,74.06999969,76.72000122,72.66999817,75.44000244,75.44000244,76093300
28/1/2025,75.54000092,80.73999786,74.04000092,80.23000336,80.23000336,65916700
29/1/2025,79.94999695,80.81999969,77.80999756,79.76000214,79.76000214,49262200
30/1/2025,80.01999664,81.83000183,79.37999725,81.22000122,81.22000122,46067500
31/1/2025,81,85.22000122,80.87000275,82.48999786,82.48999786,78731000
3/2/2025,80.125,84.25,78.47000122,83.73999786,83.73999786,126592700
4/2/2025,102.8000031,106.9100037,100.5100021,103.8300018,103.8300018,230806800
5/2/2025,101.7799988,103.5699997,99.31999969,101.3600006,101.3600006,90628300
6/2/2025,101.0899963,111.5449982,100.2600021,111.2799988,111.2799988,128217500
7/2/2025,111.6600037,116.3000031,110.4499969,110.8499985,110.8499985,143795400
10/2/2025,112.0299988,116.7600021,108.7200012,116.6500015,116.6500015,99938100
11/2/2025,116.5,118.6600037,112.0999985,112.6200027,112.6200027,94311700
12/2/2025,110.2900009,117.5899963,110,117.3899994,117.3899994,75316900
13/2/2025,117.3099976,118.3899994,115.1500015,117.9100037,117.9100037,60027000
14/2/2025,117.9000015,120.6699982,116.8000031,119.1600037,119.1600037,65528900
18/2/2025,120.9400024,125,118.4300003,124.6200027,124.6200027,84227200
19/2/2025,123.8600006,125.4100037,108.5599976,112.0599976,112.0599976,147487300
20/2/2025,102.9100037,107.4000015,95.80000305,106.2699966,106.2699966,243093900
21/2/2025,107.6800003,109.0699997,100,101.3499985,101.3499985,129063200
24/2/2025,95.87999725,99.01000214,89.30000305,90.68000031,90.68000031,184485000
25/2/2025,90.65000153,91.69999695,85.25,87.83999634,87.83999634,132626300
26/2/2025,89.16000366,91.69000244,87.58999634,89.30999756,89.30999756,94428700
27/2/2025,91.91000366,93.62000275,84.16999817,84.76999664,84.76999664,99680500
28/2/2025,79.98000336,85.18000031,78.58000183,84.91999817,84.91999817,125977400
3/3/2025,88.55000305,90.48000336,82.52999878,83.41999817,83.41999817,114573900
4/3/2025,80.16000366,88.5,79.30000305,84.40000153,84.40000153,116800300
5/3/2025,86.34999847,90.30000305,82.5,90.12999725,90.12999725,116053000
6/3/2025,87.50499725,88.33999634,80.01000214,80.45999908,80.45999908,117340600
7/3/2025,80.02500153,85.16000366,79.15000153,84.91000366,84.91000366,105377100
10/3/2025,82,82.69000244,74.56999969,76.37999725,76.37999725,136843800
11/3/2025,75.78500366,80.74500275,75.52999878,78.05000305,78.05000305,109351500
12/3/2025,83.48000336,84.55000305,79.86000061,83.65000153,83.65000153,116525100
13/3/2025,82.84500122,83.73999786,78.31999969,79.62000275,79.62000275,100927200
14/3/2025,82.97000122,87.26999664,82.16000366,86.23999786,86.23999786,113985000
17/3/2025,88.44000244,88.81999969,84.5,87.34999847,87.34999847,99348900
18/3/2025,85.77999878,86.16999817,81.80000305,83.88999939,83.88999939,93236500
19/3/2025,84.55000305,87.98999786,82.86000061,86.09999847,86.09999847,89797400
20/3/2025,85.54000092,89.80000305,85.12000275,87.38999939,87.38999939,105547400
21/3/2025,85.84999847,91.06999969,84.45999908,90.95999908,90.95999908,116748700
24/3/2025,93.40000153,97.38999939,92.27999878,96.75,96.75,112164700
25/3/2025,97.22000122,98.16999817,95.08000183,96.5,96.5,78015300
26/3/2025,96.29000092,97.30000305,90.81999969,92.27999878,92.27999878,81428600
27/3/2025,91.01499939,93.65000153,89.66999817,90.08999634,90.08999634,82823000
28/3/2025,89.33999634,89.37999725,84.09999847,85.84999847,85.84999847,91091700
31/3/2025,80,84.65000153,78.75,84.40000153,84.40000153,108092900
1/4/2025,83.88999939,85.27999878,81.81999969,84.68000031,84.68000031,78980700
2/4/2025,82.40000153,88.40499878,82.30000305,87.44999695,87.44999695,96563100
3/4/2025,81.25,85.68000031,81.01000214,83.59999847,83.59999847,93878200
4/4/2025,80.06999969,80.98000336,71.93000031,74.01000214,74.01000214,147323200
7/4/2025,66.65000153,81.80000305,66.12000275,77.83999634,77.83999634,169083700
8/4/2025,83.29000092,86.11399841,75.22000122,77.31999969,77.31999969,135345600
9/4/2025,78.19000244,93.33000183,77.26999664,92.01000214,92.01000214,187244300
10/4/2025,88.40000153,90.77999878,84.13999939,88.58999634,88.58999634,124448200
11/4/2025,87.98000336,89.55000305,85.47000122,88.55000305,88.55000305,95130700
14/4/2025,95.80000305,97.33000183,91.45999908,92.62000275,92.62000275,122836900
15/4/2025,93.52999878,98.98999786,93.05000305,98.40000153,98.40000153,118457700
16/4/2025,96.27999878,97.30000305,89.62000275,92.70999908,92.70999908,121997600
17/4/2025,94.70999908,95.11000061,92.26999664,93.77999878,93.77999878,83991800
21/4/2025,92.83999634,96.47499847,89.30999756,90.80000305,90.80000305,83831100
22/4/2025,93.01499939,96.33999634,91.34999847,93.98999786,93.98999786,91185400
23/4/2025,98.86000061,103.7600021,97.83000183,100.8199997,100.8199997,112909500
24/4/2025,101.5299988,108,100.9100037,107.7799988,107.7799988,103190700
25/4/2025,108.0500031,112.8799973,106.5500031,112.7799988,112.7799988,103933800
28/4/2025,113.7799988,114.8600006,108.8700027,114.6500015,114.6500015,111082900
29/4/2025,113.9800034,117.2300034,113.2399979,116.0800018,116.0800018,79709000
30/4/2025,111.6100006,118.7799988,110.5400009,118.4400024,118.4400024,109461700
1/5/2025,120.0400009,120.1900024,116,116.1999969,116.1999969,90677600
2/5/2025,118.6600037,124.4199982,118.6299973,124.2799988,124.2799988,103094300
5/5/2025,123.6999969,125.2549973,121.3600006,123.7699966,123.7699966,135961300
6/5/2025,112.7099991,113.9100037,105.3199997,108.8600006,108.8600006,201193400
7/5/2025,107.9700012,111.8499985,107,110.4800034,110.4800034,95428800
8/5/2025,112.2799988,120.3799973,112.0699997,119.1500015,119.1500015,126966200
9/5/2025,118.9700012,119.1600037,114.9000015,117.3000031,117.3000031,81005300
12/5/2025,120.7799988,120.9349976,115.0100021,118.4599991,118.4599991,94257300
13/5/2025,119.9199982,130.6000061,119.3099976,128.1000061,128.1000061,147155400
14/5/2025,129.0099945,133.4900055,127.5589981,130.1799927,130.1799927,96611500
15/5/2025,128.3699951,130.1999969,125.7399979,128.1199951,128.1199951,69503000
16/5/2025,129.2299957,130.3300018,126.7600021,129.5200043,129.5200043,57003700
19/5/2025,124.7149963,127.7699966,124.3199997,126.3300018,126.3300018,72503900
20/5/2025,127.2200012,128.1999969,124.6500015,125.5899963,125.5899963,61265300
21/5/2025,125.1600037,127.1100006,119.4100037,120.5800018,120.5800018,80657700
22/5/2025,121.9499969,126.3300018,121.375,122.2900009,122.2900009,75498300
23/5/2025,120.8799973,125.5400009,120.6800003,123.3099976,123.3099976,65905800
27/5/2025,126.8199997,127.8799973,120.8799973,123.3899994,123.3899994,86455200
28/5/2025,124.2300034,125.6500015,122.9100037,123.7600021,123.7600021,64866000
29/5/2025,125.3499985,126.4700012,121.5299988,122.3199997,122.3199997,62929100
30/5/2025,123.5299988,131.9400024,122.75,131.7799988,131.7799988,185897600
2/6/2025,131.4349976,134.4799957,128.8600006,132.0399933,132.0399933,93218700
3/6/2025,133.0700073,135.2799988,130.1000061,133.1699982,133.1699982,91297700
4/6/2025,132.8000031,132.9499969,125.5800018,130.0099945,130.0099945,97306300
5/6/2025,129.2700043,132.8500061,118.9300003,119.9100037,119.9100037,131055900
6/6/2025,123.7300034,128.1300049,121.9199982,127.7200012,127.7200012,87175100
9/6/2025,127.0749969,132.2299957,124.8000031,132.0599976,132.0599976,74785600
10/6/2025,131.0200043,134.0700073,129.4100037,132.8099976,132.8099976,69308900
11/6/2025,133.9199982,140,132.9900055,136.3899994,136.3899994,97366000
12/6/2025,136.3999939,137.1000061,134.6300049,135.1900024,135.1900024,56248200
13/6/2025,133.8150024,139.9900055,133.3500061,137.3999939,137.3999939,93519000
16/6/2025,140.0299988,144.8600006,139.8119965,141.4100037,141.4100037,80779800
17/6/2025,141.4850006,141.6900024,136.0800018,138.1999969,138.1999969,70479100
18/6/2025,139.0399933,140.3600006,137.4900055,139.9600067,139.9600067,58260200
20/6/2025,140.6900024,142.2400055,136.7420044,137.3000031,137.3000031,87067000
23/6/2025,138.8999939,142.1499939,135.9600067,139.9199982,139.9199982,70501100
24/6/2025,140.9799957,143.6600037,137.8000031,143.2299957,143.2299957,58574200
25/6/2025,144.4900055,147.6699982,141.5299988,142.8999939,142.8999939,61435300
26/6/2025,144.8500061,148.2149963,142.9100037,144.25,144.25,69440500
27/6/2025,144.8699951,144.9700012,130.5399933,130.7400055,130.7400055,202598600
30/6/2025,137.7899933,138.875,134.8000031,136.3200073,136.3200073,97305600
1/7/2025,135.2700043,136.3200073,128.5099945,130.6799927,130.6799927,91479700
2/7/2025,131.4700012,133.6000061,130.1900024,132.1199951,132.1199951,59732000
3/7/2025,134.3600006,135.6199951,132.5099945,134.3600006,134.3600006,41812500
7/7/2025,134.3800049,139.2899933,132.3200073,139.1199951,139.1199951,71959700
8/7/2025,138.7749939,139.8549957,135.7899933,139.7100067,139.7100067,59834800
9/7/2025,139.6549988,143.1699982,137.3899994,143.1300049,143.1300049,68494800
10/7/2025,143.3099976,145.1600037,139.5299988,142.5,142.5,64383900
11/7/2025,142.1100006,144.5800018,141.4700012,142.1000061,142.1000061,52134800
14/7/2025,142.7200012,149.5749969,142.2200012,149.1499939,149.1499939,81774400
15/7/2025,148.9299927,150.6199951,147.3600006,148.5800018,148.5800018,59126200
16/7/2025,149.3000031,151.5099945,147.673996,150.9100037,150.9100037,57550300
17/7/2025,151.5599976,155.6799927,150.8200073,153.9900055,153.9900055,60165500
18/7/2025,154.8600006,154.9199982,151.8999939,153.5200043,153.5200043,45771600
21/7/2025,153.8800049,155.4400024,151.3600006,151.7899933,151.7899933,45072800
22/7/2025,150.8500061,151.7899933,145.0619965,149.0700073,149.0700073,49880800
23/7/2025,149.7400055,155,148.2870026,154.6300049,154.6300049,48062000
24/7/2025,153.9799957,155.6300049,152.5749969,154.8600006,154.8600006,38925700
25/7/2025,155.6300049,160.3899994,155.5800018,158.8000031,158.8000031,57972300
28/7/2025,159.8800049,160.2799988,153.0399933,157.8800049,157.8800049,63886900
29/7/2025,158.7149963,160.1399994,154.9100037,156.2400055,156.2400055,42427200
30/7/2025,157.3650055,159.3800049,156.5599976,158.6100006,158.6100006,40261700
31/7/2025,159.9900055,160.8899994,156.7299957,158.3500061,158.3500061,45342600
1/8/2025,155.0500031,158.1900024,151.0579987,154.2700043,154.2700043,61287000
4/8/2025,158.5299988,161.3999939,157.9299927,160.6600037,160.6600037,82993600
5/8/2025,171.8099976,176.3300018,169.2200012,173.2700043,173.2700043,130917500
6/8/2025,171.1750031,180.5809937,171.0099945,179.5399933,179.5399933,82924800
7/8/2025,181.0099945,184.4799957,178.1699982,182.1999969,182.1999969,77829200
8/8/2025,184.7350006,187.9900055,184.4100037,186.9600067,186.9600067,62657900
11/8/2025,186.4700012,187.1799927,181.9199982,182.6799927,182.6799927,56125600
12/8/2025,184.6999969,190,182.1000061,186.9700012,186.9700012,54819000
13/8/2025,189,189.4600067,183.5899963,184.3699951,184.3699951,53610000
14/8/2025,182.4100037,185.3300018,179.1999969,181.0200043,181.0200043,53472900
15/8/2025,179.7250061,180,173.3800049,177.1699982,177.1699982,60288700
18/8/2025,175.2700043,177.8999939,171.3899994,174.0299988,174.0299988,62656600
19/8/2025,171.3600006,172.3000031,156.8999939,157.75,157.75,137922700
20/8/2025,152.3000031,156.4600067,142.3399963,156.0099945,156.0099945,220336400
21/8/2025,157.1699982,157.9700012,153.8099976,156.1799927,156.1799927,94678600
22/8/2025,155.3150024,163.1999969,151.7700043,158.7400055,158.7400055,102099200
25/8/2025,156.1000061,158.5899963,149.3699951,157.1699982,157.1699982,86879800
26/8/2025,155.3899994,162.1300049,154.5700073,160.8699951,160.8699951,86573700
27/8/2025,162.3200073,162.3999939,155.9799957,156.7200012,156.7200012,76380600
28/8/2025,157.6300049,158.2299957,152.5500031,158.1199951,158.1199951,57885200
29/8/2025,156.9799957,158.4199982,153,156.7100067,156.7100067,45270500
2/9/2025,151.1999969,158.3899994,150.2799988,157.0899963,157.0899963,65435000
3/9/2025,158,161.1499939,152.7100067,154.8999939,154.8999939,66052300
4/9/2025,154.8650055,157.0399933,153.1600037,156.1399994,156.1399994,53292300
5/9/2025,157.8200073,158.9700012,148.0399933,153.1100006,153.1100006,81855900
8/9/2025,154.9100037,158.3000031,154.8399963,156.1000061,156.1000061,47553300
